-- phpMyAdmin SQL Dump
-- version 4.5.1
-- http://www.phpmyadmin.net
--
-- Host: 127.0.0.1
-- Generation Time: Oct 25, 2017 at 07:47 AM
-- Server version: 10.1.19-MariaDB
-- PHP Version: 7.0.13

SET SQL_MODE = "NO_AUTO_VALUE_ON_ZERO";
SET time_zone = "+00:00";


/*!40101 SET @OLD_CHARACTER_SET_CLIENT=@@CHARACTER_SET_CLIENT */;
/*!40101 SET @OLD_CHARACTER_SET_RESULTS=@@CHARACTER_SET_RESULTS */;
/*!40101 SET @OLD_COLLATION_CONNECTION=@@COLLATION_CONNECTION */;
/*!40101 SET NAMES utf8mb4 */;

--
-- Database: `restaurant`
--

-- --------------------------------------------------------

--
-- Table structure for table `tb_admin_info`
--

CREATE TABLE `tb_admin_info` (
  `admin_id` int(11) NOT NULL,
  `admin_name` varchar(100) NOT NULL,
  `admin_email` varchar(150) NOT NULL,
  `admin_password` varchar(512) NOT NULL,
  `admin_phone` varchar(100) NOT NULL,
  `admin_address` varchar(512) NOT NULL,
  `admin_country_id` int(11) NOT NULL,
  `admin_city_id` int(11) NOT NULL,
  `site_name_en` varchar(256) NOT NULL,
  `site_name_ar` varchar(256) CHARACTER SET utf8 NOT NULL,
  `meta_title_en` text NOT NULL,
  `meta_title_ar` text CHARACTER SET utf8 NOT NULL,
  `meta_keywords_en` text NOT NULL,
  `meta_keywords_ar` text CHARACTER SET utf8 NOT NULL,
  `meta_desc_en` text NOT NULL,
  `meta_desc_ar` text CHARACTER SET utf8 NOT NULL,
  `paypal_account` varchar(256) NOT NULL,
  `paypal_api_password` varchar(256) NOT NULL,
  `paypal_api_signature` varchar(512) NOT NULL,
  `payment_mode` int(11) NOT NULL COMMENT '0-Test, 1-Live',
  `facebook_app_id` varchar(256) NOT NULL,
  `facebook_secret_key` varchar(256) NOT NULL,
  `facebook_page_url` varchar(256) NOT NULL,
  `twitter_page_url` varchar(256) NOT NULL,
  `linkedin_page_url` varchar(256) NOT NULL,
  `google_redirect_url` varchar(256) NOT NULL,
  `google_client_id` varchar(256) NOT NULL,
  `google_secret_key` varchar(256) NOT NULL,
  `analytics_code` text NOT NULL,
  `smtp_host` varchar(256) NOT NULL,
  `smtp_port` int(11) NOT NULL,
  `smtp_email` varchar(256) NOT NULL,
  `smtp_password` varchar(512) NOT NULL,
  `admin_currency_code` varchar(255) NOT NULL,
  `footer_text` text NOT NULL,
  `admin_commission` int(3) NOT NULL,
  `admin_vendor_payment_date` datetime NOT NULL,
  `twilio_status` enum('Yes','No') NOT NULL,
  `twilio_sid` varchar(255) NOT NULL,
  `twilio_token` varchar(255) NOT NULL,
  `twilio_from` varchar(100) NOT NULL
) ENGINE=InnoDB DEFAULT CHARSET=latin1;

--
-- Dumping data for table `tb_admin_info`
--

INSERT INTO `tb_admin_info` (`admin_id`, `admin_name`, `admin_email`, `admin_password`, `admin_phone`, `admin_address`, `admin_country_id`, `admin_city_id`, `site_name_en`, `site_name_ar`, `meta_title_en`, `meta_title_ar`, `meta_keywords_en`, `meta_keywords_ar`, `meta_desc_en`, `meta_desc_ar`, `paypal_account`, `paypal_api_password`, `paypal_api_signature`, `payment_mode`, `facebook_app_id`, `facebook_secret_key`, `facebook_page_url`, `twitter_page_url`, `linkedin_page_url`, `google_redirect_url`, `google_client_id`, `google_secret_key`, `analytics_code`, `smtp_host`, `smtp_port`, `smtp_email`, `smtp_password`, `admin_currency_code`, `footer_text`, `admin_commission`, `admin_vendor_payment_date`, `twilio_status`, `twilio_sid`, `twilio_token`, `twilio_from`) VALUES
(1, 'administators', 'admin@gmail.com', 'e10adc3949ba59abbe56e057f20f883e', '+919876543210', 'gandhipuram, ramnagar', 1, 1, 'Shop your food', 'تسوق الغذائي الخاص بك', 'food title', 'عنوان الغذاء عنوان الغذاء عنوان الغذاءعنوان الغذاء', 'food keyword', 'الكلمة الغذاء الكلمة الغذاء الكلمة الغذاء الكلمة الغذاء', 'food meta desc', 'الفوقية الغذاء تنازلي', 'kumarkailash075-facilitator_api1.gmail.com', 'AbP-HxFJayd5yMbUjITsRzIulV7IOZcypwGeDZ9WLeUw9Wihg-PRJlvFVhFyH7mJhXFMyzFEOJppnhtS', 'EEkTyL3a1fDNrESyRKMYw3Yr_fEShtEzOarHrBbCMj5SYKnUu7vpuC0CCeGMjTQXImn1fWp3J9A5kUbs', 0, '1951768945054117', 'b515b2aa9c659647515b7c34964ae228', 'http://www.facebook.com/ghghhgh', 'http://www.twitter.com/', 'http://www.linkedin.com/', 'http://www.google.com/', '1159985624035786', 'b515b2aa9c659647515b7c34964ae228', '<script>\r\n  (function(i,s,o,g,r,a,m){i[''GoogleAnalyticsObject'']=r;i[r]=i[r]||function(){\r\n  (i[r].q=i[r].q||[]).push(arguments)},i[r].l=1*new Date();a=s.createElement(o),\r\n  m=s.getElementsByTagName(o)[0];a.async=1;a.src=g;m.parentNode.insertBefore(a,m)\r\n  })(window,document,''script'',''https://www.google-analytics.com/analytics.js'',''ga'');\r\n\r\n  ga(''create'', ''UA-62671250-4'', ''auto'');\r\n  ga(''send'', ''pageview'');\r\n</script>', 'smtp.gmail.com', 465, 'laravelecommerce.com', '123546', 'USD', 'Copyright 2017 ShopurFood | Privacy', 10, '0000-00-00 00:00:00', 'No', '', 'c731becc9a4a22f8b3bd45621656f774', '+13392015381');

-- --------------------------------------------------------

--
-- Table structure for table `tb_admin_vendor_payment_setting`
--

CREATE TABLE `tb_admin_vendor_payment_setting` (
  `id` int(10) NOT NULL,
  `payment_name` varchar(255) NOT NULL,
  `payment_logo` text NOT NULL,
  `payment_status` int(10) NOT NULL COMMENT '0-block,1-un-block,2-Delete'
) ENGINE=InnoDB DEFAULT CHARSET=latin1;

--
-- Dumping data for table `tb_admin_vendor_payment_setting`
--

INSERT INTO `tb_admin_vendor_payment_setting` (`id`, `payment_name`, `payment_logo`, `payment_status`) VALUES
(1, 'Paypal', 'Payment_1.png', 1),
(2, 'Stripe', 'Payment_2.png', 1),
(4, 'COD', 'Payment_4.png', 1);

-- --------------------------------------------------------

--
-- Table structure for table `tb_advertisement`
--

CREATE TABLE `tb_advertisement` (
  `ads_id` int(10) NOT NULL,
  `page_location` text NOT NULL,
  `position_setting` text NOT NULL,
  `ads_limit` int(10) NOT NULL,
  `ads_days` varchar(255) NOT NULL,
  `ads_status` int(10) NOT NULL COMMENT '1->unlock,0->block,2->delete',
  `advertisement_price` varchar(255) NOT NULL,
  `currency` text NOT NULL,
  `admin_created_date` date NOT NULL
) ENGINE=InnoDB DEFAULT CHARSET=latin1;

--
-- Dumping data for table `tb_advertisement`
--

INSERT INTO `tb_advertisement` (`ads_id`, `page_location`, `position_setting`, `ads_limit`, `ads_days`, `ads_status`, `advertisement_price`, `currency`, `admin_created_date`) VALUES
(1, 'Home Page Left', 'home-left', 4, '1231', 1, '400.51', 'USD', '2017-08-18'),
(2, 'Home Page Center', 'home-center', 4, '120', 1, '200', 'USD', '2017-07-13'),
(4, 'Home Page Right', 'home-right', 4, '120', 1, '12', 'USD', '2017-08-18');

-- --------------------------------------------------------

--
-- Table structure for table `tb_advertisement_transcation`
--

CREATE TABLE `tb_advertisement_transcation` (
  `ads_transcation_id` int(10) NOT NULL,
  `ads_tran_vendor_id` int(10) NOT NULL,
  `ads_tran_paymentmode` int(10) NOT NULL,
  `ads_tran_currency` varchar(255) NOT NULL,
  `ads_tran_amount` varchar(255) NOT NULL,
  `ads_tran_paymentstatus` int(10) NOT NULL,
  `ads_tran_status` int(10) NOT NULL
) ENGINE=InnoDB DEFAULT CHARSET=latin1;

-- --------------------------------------------------------

--
-- Table structure for table `tb_banner`
--

CREATE TABLE `tb_banner` (
  `id` int(10) NOT NULL,
  `title_en` varchar(255) DEFAULT NULL,
  `title_ar` varchar(255) CHARACTER SET utf8 DEFAULT NULL,
  `banner_prefix` varchar(255) NOT NULL,
  `description_en` text,
  `description_ar` text CHARACTER SET utf8,
  `banner_photo` text,
  `status` int(10) NOT NULL COMMENT '0-block,1-un-block'
) ENGINE=InnoDB DEFAULT CHARSET=latin1;

--
-- Dumping data for table `tb_banner`
--

INSERT INTO `tb_banner` (`id`, `title_en`, `title_ar`, `banner_prefix`, `description_en`, `description_ar`, `banner_photo`, `status`) VALUES
(1, 'Banner English', 'راية العربية', 'Banner1', 'gfhfgfgjfg', 'etwetwt', 'Banner_1.jpg', 1),
(2, 'dsfds', 'dsfds', 'dsfsd', 'sdfds', 'dsfdsf', '', 2),
(3, 'sadas', 'asdsad', 'sadsa', 'asdsa', 'asdsa', '', 0),
(4, 'sdfs', 'dfdsfds', 'fdsf', 'dsfdsf', 'dsfdsfds', 'Banner_4.jpg', 0);

-- --------------------------------------------------------

--
-- Table structure for table `tb_cart_save`
--

CREATE TABLE `tb_cart_save` (
  `cart_id` int(11) NOT NULL,
  `cart_item_id` int(11) NOT NULL,
  `cart_restaurant_id` int(11) NOT NULL,
  `cart_vendor_id` int(11) NOT NULL,
  `cart_quantity` int(11) NOT NULL,
  `cart_choices_id` varchar(256) NOT NULL,
  `cart_customer_id` int(11) NOT NULL
) ENGINE=InnoDB DEFAULT CHARSET=latin1;

--
-- Dumping data for table `tb_cart_save`
--

INSERT INTO `tb_cart_save` (`cart_id`, `cart_item_id`, `cart_restaurant_id`, `cart_vendor_id`, `cart_quantity`, `cart_choices_id`, `cart_customer_id`) VALUES
(20, 52, 13, 11, 3, '', 16),
(27, 52, 13, 11, 1, '', 13),
(28, 56, 9, 1, 2, '', 13),
(29, 57, 9, 1, 1, '', 13),
(30, 54, 9, 1, 3, '', 13),
(41, 51, 12, 10, 1, '', 31),
(50, 64, 12, 10, 3, '', 30),
(51, 51, 12, 10, 6, '', 30),
(59, 51, 12, 10, 1, '', 16),
(60, 68, 9, 1, 1, '6,3,5,8,7', 29),
(61, 68, 9, 1, 1, '6', 29),
(62, 68, 9, 1, 1, '', 29),
(63, 64, 12, 10, 1, '', 13),
(64, 60, 17, 18, 1, '', 13),
(65, 67, 9, 1, 1, '', 13),
(69, 64, 12, 10, 1, '', 67),
(70, 50, 12, 10, 1, '', 67),
(71, 57, 9, 1, 18, '', 47),
(72, 68, 9, 1, 2, '', 47),
(73, 56, 9, 1, 2, '', 47),
(74, 51, 12, 10, 1, '', 13),
(75, 64, 12, 10, 1, '', 68);

-- --------------------------------------------------------

--
-- Table structure for table `tb_category`
--

CREATE TABLE `tb_category` (
  `category_id` int(10) NOT NULL,
  `category_title_en` text,
  `category_title_ar` text CHARACTER SET utf8,
  `category_description_en` text,
  `category_description_ar` text CHARACTER SET utf8,
  `category_status` int(10) NOT NULL COMMENT '0-block,1-un-block,2-Delete',
  `created_id` int(50) NOT NULL
) ENGINE=InnoDB DEFAULT CHARSET=latin1;

--
-- Dumping data for table `tb_category`
--

INSERT INTO `tb_category` (`category_id`, `category_title_en`, `category_title_ar`, `category_description_en`, `category_description_ar`, `category_status`, `created_id`) VALUES
(1, 'Breakfast Meals', 'وجبات الإفطار', NULL, NULL, 1, 0),
(2, 'Meals', 'وجبات', NULL, NULL, 1, 0),
(3, 'Chicken Your Way', 'الدجاج طريقك', NULL, NULL, 1, 0),
(4, 'Kids Meal', 'وجبة اطفال', NULL, NULL, 1, 0),
(5, 'ytrater', 'gds fdser e', NULL, NULL, 2, 0),
(6, 'Kids Meal1', 'sd fdsf', NULL, NULL, 1, 12),
(7, 'Meals1', 'yyyyx', NULL, NULL, 1, 10),
(8, 'ytrater', 'yyyy', NULL, NULL, 1, 10),
(9, 'dgfhdgfh', 'cfbxvcbgfh', NULL, NULL, 1, 0),
(10, 'werererer', 'erererer', NULL, NULL, 1, 0),
(11, 'sdxcvdgxd', 'vxcvdfgdfgdf', NULL, NULL, 1, 0),
(12, 'fsdvsfds', 'gfvfggdf', NULL, NULL, 1, 0),
(13, 'fgvdfgdfg', 'dfgdfgdfgdf', NULL, NULL, 1, 0),
(14, 'dfgdgd', 'dfgdfgdfg', NULL, NULL, 1, 0),
(15, 'vegfdfgdg', 'dfgggdfg', NULL, NULL, 1, 0),
(16, 'tretre', 'ertertret', NULL, NULL, 1, 0),
(17, 'ertertret', 'ertretret', NULL, NULL, 1, 0),
(18, 'rwetrwet', 'wertertre', NULL, NULL, 1, 0),
(19, 'esgdsfg', 'dsfgdsfg', NULL, NULL, 1, 0),
(20, 'trwetret', 'wertretwre', NULL, NULL, 1, 0),
(21, 'cvxcvxc', 'vzxcvzxcv', NULL, NULL, 1, 0),
(22, 'awgkbfb', 'asdfilfhgjytr', NULL, NULL, 1, 0),
(23, 'dfgdfhg', 'sdfgsdfg', NULL, NULL, 1, 0),
(24, 'wrteweryt', 'weywey', NULL, NULL, 1, 0),
(25, 'theryu', 'retyutrey', NULL, NULL, 1, 0);

-- --------------------------------------------------------

--
-- Table structure for table `tb_choices`
--

CREATE TABLE `tb_choices` (
  `choice_id` int(10) NOT NULL,
  `choice_title_en` text,
  `choice_title_ar` text CHARACTER SET utf8,
  `main_choices_id` int(10) DEFAULT NULL,
  `choice_type` int(10) NOT NULL,
  `choices_status` int(10) NOT NULL COMMENT '0-block,1-un-block,2-delete',
  `choice_created_id` int(50) NOT NULL,
  `box_type` int(11) NOT NULL COMMENT '1->radio,2->Checkbox '
) ENGINE=InnoDB DEFAULT CHARSET=latin1;

--
-- Dumping data for table `tb_choices`
--

INSERT INTO `tb_choices` (`choice_id`, `choice_title_en`, `choice_title_ar`, `main_choices_id`, `choice_type`, `choices_status`, `choice_created_id`, `box_type`) VALUES
(1, 'Croissanwich Bun', 'كرويسانيش، بون', 0, 1, 1, 0, 1),
(2, 'English Muffin Bun', 'الإنجليزية الكعك كعكة', 0, 1, 1, 0, 2),
(3, 'Change The American Coffee To Cappuccino Small Size', 'تغيير القهوة الأمريكية إلى الكابتشينو صغير الحجم (1.00)', 2, 2, 1, 0, 0),
(4, 'Change The American Coffee To Espresso Small', 'تغيير القهوة الأمريكية إلى اسبريسو حجم صغير (1.00)', 1, 2, 1, 0, 0),
(5, 'Change The American Coffee To Double Espresso Large', 'تغيير القهوة الأمريكية إلى إسبريسو مزدوج كبير (5.00)', 2, 2, 1, 0, 0),
(6, 'Change The American Coffee To Minute Made Juice Apple Large Size ', 'تغيير القهوة الأمريكية إلى دقيقة صنع عصير التفاح حجم كبير (7.00)', 1, 2, 1, 0, 0),
(7, 'Change The American Coffee', 'الإنجليزية الكعك كعكة', 12, 2, 1, 0, 0),
(8, 'Change The American ', 'تغيير القهوة الأمريكية إلى ', 12, 2, 1, 0, 0),
(9, 'Change The American Coffee To Espresso', 'تغيير القهوة الأمريكية إلى ', 11, 2, 1, 0, 0),
(10, 'Coffee To Cappuccino Small', 'غيير القهوة الأمريكية إلى ', 11, 2, 1, 0, 0),
(11, 'Croissanwich tea', 'كرويسانيش، بون', 0, 1, 0, 0, 1),
(12, 'English Muffin tea', 'الإنجليزية الكعك كعكة', 0, 1, 1, 0, 2),
(13, 'test', 'test', 0, 1, 2, 21, 0),
(14, 'English Muffin tea2', 'English Muffin tea2', 0, 1, 1, 10, 0),
(15, 'asdas', 'asdasdsa dsa das ', 0, 1, 2, 0, 0),
(16, 'asdasdasd ', 'asdas', 0, 1, 2, 0, 0),
(17, 'dsfds fsds fdsf', 'f dsfds sdf dsf ', 16, 2, 2, 0, 0),
(18, 'dsfDSF', 'DSFDSF', 14, 2, 1, 0, 0),
(19, 'wdqwd', 'asdas dfg dfg', 0, 1, 0, 12, 0),
(20, 'etas', 'dsfds fds', 19, 2, 1, 12, 0),
(21, 'etas', 's dfds fds', 19, 2, 1, 12, 0),
(22, 'fddd', 'fdfdf', 14, 2, 0, 10, 0),
(23, 'new test', 'new test', 14, 2, 0, 10, 0),
(24, 'Croissanwich Bun1', 'English Muffin tea', 0, 1, 1, 10, 0),
(25, 'New sub', 'New Sub', 24, 2, 1, 0, 0);

-- --------------------------------------------------------

--
-- Table structure for table `tb_city`
--

CREATE TABLE `tb_city` (
  `city_id` int(11) NOT NULL,
  `city_name_en` varchar(256) NOT NULL,
  `city_name_ar` varchar(256) CHARACTER SET utf8 NOT NULL,
  `city_status` int(1) NOT NULL DEFAULT '1' COMMENT '0-block,1-Unblock,2-delete',
  `countryid` int(11) NOT NULL
) ENGINE=InnoDB DEFAULT CHARSET=latin1;

--
-- Dumping data for table `tb_city`
--

INSERT INTO `tb_city` (`city_id`, `city_name_en`, `city_name_ar`, `city_status`, `countryid`) VALUES
(1, 'coimbatore', 'كويمباتور', 1, 1),
(2, 'chennai', 'تشيناي', 1, 1),
(3, 'Riyadh', 'الرياض', 1, 5),
(4, 'Mecca', 'مكة المكرمة', 1, 5),
(5, 'Atlanta', 'jdakgjld', 1, 3),
(6, 'Scottsdale', 'hgfjkdjljhj', 1, 3),
(7, 'England', 'England', 2, 6),
(8, 'dsfds dsf dsf dsf dsf dsf', 'dfsfsdsd', 1, 3),
(9, 'Coimbatore', 'Coimbatore', 1, 3),
(10, 'chennai3 sgfdf gdf gljdf ', 'dsfsdfs234324d fgdf gdf g', 1, 1),
(11, 'Nasikfasdfasdfasdfsdafdas', 'Nasik', 1, 1);

-- --------------------------------------------------------

--
-- Table structure for table `tb_cms`
--

CREATE TABLE `tb_cms` (
  `id` int(10) NOT NULL,
  `page_title_en` text,
  `page_title_ar` text CHARACTER SET utf8,
  `description_en` blob,
  `description_ar` blob,
  `page_name` text,
  `meta_title_en` blob,
  `meta_title_ar` blob,
  `meta_description_en` blob,
  `meta_description_ar` blob,
  `meta_keyword_en` blob,
  `meta_keyword_ar` blob,
  `page_status` int(10) NOT NULL COMMENT '0-block,1-un-block,2-Delete'
) ENGINE=InnoDB DEFAULT CHARSET=latin1;

--
-- Dumping data for table `tb_cms`
--

INSERT INTO `tb_cms` (`id`, `page_title_en`, `page_title_ar`, `description_en`, `description_ar`, `page_name`, `meta_title_en`, `meta_title_ar`, `meta_description_en`, `meta_description_ar`, `meta_keyword_en`, `meta_keyword_ar`, `page_status`) VALUES
(1, 'About Us ', 'معلومات عنا معلومات عنا معلومات عنا معلومات عنا معلومات عنا معلومات عنا معلومات عنا معلومات عنا معلومات عنا من نحن من نحن من نحن من نحن من نحن من نحن من نحن من نحن من نحن اتصل بنا من نحن من نحن من نحن من نحن؟ معلومات عنا معلومات عنا معلومات عنا معلومات عنا معلومات عنا معلومات عنا معلومات عنا معلومات عنا معلومات عنا من نحن من نحن من نحن من نحن من نحن من نحن من نحن من نحن من نحن اتصل بنا من نحن من نحن من نحن من نحن؟ من نحن من نحن من نحن', 0x49742069732061206c6f6e672065737461626c6973686564206661637420746861742061207265616465722077696c6c206265206469737472616374656420627920746865207265616461626c6520636f6e74656e74206f6620612070616765207768656e206c6f6f6b696e6720617420697473206c61796f75742e2054686520706f696e74206f66207573696e67204c6f72656d20497073756d2069732074686174206974206861732061206d6f72652d6f722d6c657373206e6f726d616c20646973747269627574696f6e206f66206c6574746572732c206173206f70706f73656420746f207573696e672027436f6e74656e7420686572652c20636f6e74656e742068657265272c206d616b696e67206974206c6f6f6b206c696b65207265616461626c6520456e676c6973682e204d616e79206465736b746f70207075626c697368696e67207061636b6167657320616e6420776562207061676520656469746f7273206e6f7720757365204c6f72656d20497073756d2061732074686569722064656661756c74206d6f64656c20746578742c20616e6420612073656172636820666f7220276c6f72656d20697073756d272077696c6c20756e636f766572206d616e7920776562207369746573207374696c6c20696e20746865697220696e66616e63792e20566172696f75732076657273696f6e7320686176652065766f6c766564206f766572207468652079656172732c20736f6d6574696d6573206279206163636964656e742c20736f6d6574696d6573206f6e20707572706f73652028696e6a65637465642068756d6f757220616e6420746865206c696b65292e0d0a0d0a49742069732061206c6f6e672065737461626c6973686564206661637420746861742061207265616465722077696c6c206265206469737472616374656420627920746865207265616461626c6520636f6e74656e74206f6620612070616765207768656e206c6f6f6b696e6720617420697473206c61796f75742e2054686520706f696e74206f66207573696e67204c6f72656d20497073756d2069732074686174206974206861732061206d6f72652d6f722d6c657373206e6f726d616c20646973747269627574696f6e206f66206c6574746572732c206173206f70706f73656420746f207573696e672027436f6e74656e7420686572652c20636f6e74656e742068657265272c206d616b696e67206974206c6f6f6b206c696b65207265616461626c6520456e676c6973682e204d616e79206465736b746f70207075626c697368696e67207061636b6167657320616e6420776562207061676520656469746f7273206e6f7720757365204c6f72656d20497073756d2061732074686569722064656661756c74206d6f64656c20746578742c20616e6420612073656172636820666f7220276c6f72656d20697073756d272077696c6c20756e636f766572206d616e7920776562207369746573207374696c6c20696e20746865697220696e66616e63792e20566172696f75732076657273696f6e7320686176652065766f6c766564206f766572207468652079656172732c20736f6d6574696d6573206279206163636964656e742c20736f6d6574696d6573206f6e20707572706f73652028696e6a65637465642068756d6f757220616e6420746865206c696b65292e0d0a0d0a0d0a0d0a49742069732061206c6f6e672065737461626c6973686564206661637420746861742061207265616465722077696c6c206265206469737472616374656420627920746865207265616461626c6520636f6e74656e74206f6620612070616765207768656e206c6f6f6b696e6720617420697473206c61796f75742e2054686520706f696e74206f66207573696e67204c6f72656d20497073756d2069732074686174206974206861732061206d6f72652d6f722d6c657373206e6f726d616c20646973747269627574696f6e206f66206c6574746572732c206173206f70706f73656420746f207573696e672027436f6e74656e7420686572652c20636f6e74656e742068657265272c206d616b696e67206974206c6f6f6b206c696b65207265616461626c6520456e676c6973682e204d616e79206465736b746f70207075626c697368696e67207061636b6167657320616e6420776562207061676520656469746f7273206e6f7720757365204c6f72656d20497073756d2061732074686569722064656661756c74206d6f64656c20746578742c20616e6420612073656172636820666f7220276c6f72656d20697073756d272077696c6c20756e636f766572206d616e7920776562207369746573207374696c6c20696e20746865697220696e66616e63792e20566172696f75732076657273696f6e7320686176652065766f6c766564206f766572207468652079656172732c20736f6d6574696d6573206279206163636964656e742c20736f6d6574696d6573206f6e20707572706f73652028696e6a65637465642068756d6f757220616e6420746865206c696b65292e0d0a0d0a0d0a49742069732061206c6f6e672065737461626c6973686564206661637420746861742061207265616465722077696c6c206265206469737472616374656420627920746865207265616461626c6520636f6e74656e74206f6620612070616765207768656e206c6f6f6b696e6720617420697473206c61796f75742e2054686520706f696e74206f66207573696e67204c6f72656d20497073756d2069732074686174206974206861732061206d6f72652d6f722d6c657373206e6f726d616c20646973747269627574696f6e206f66206c6574746572732c206173206f70706f73656420746f207573696e672027436f6e74656e7420686572652c20636f6e74656e742068657265272c206d616b696e67206974206c6f6f6b206c696b65207265616461626c6520456e676c6973682e204d616e79206465736b746f70207075626c697368696e67207061636b6167657320616e6420776562207061676520656469746f7273206e6f7720757365204c6f72656d20497073756d2061732074686569722064656661756c74206d6f64656c20746578742c20616e6420612073656172636820666f7220276c6f72656d20697073756d272077696c6c20756e636f766572206d616e7920776562207369746573207374696c6c20696e20746865697220696e66616e63792e20566172696f75732076657273696f6e7320686176652065766f6c766564206f766572207468652079656172732c20736f6d6574696d6573206279206163636964656e742c20736f6d6574696d6573206f6e20707572706f73652028696e6a65637465642068756d6f757220616e6420746865206c696b65292e0d0a0d0a0d0a49742069732061206c6f6e672065737461626c6973686564206661637420746861742061207265616465722077696c6c206265206469737472616374656420627920746865207265616461626c6520636f6e74656e74206f6620612070616765207768656e206c6f6f6b696e6720617420697473206c61796f75742e2054686520706f696e74206f66207573696e67204c6f72656d20497073756d2069732074686174206974206861732061206d6f72652d6f722d6c657373206e6f726d616c20646973747269627574696f6e206f66206c6574746572732c206173206f70706f73656420746f207573696e672027436f6e74656e7420686572652c20636f6e74656e742068657265272c206d616b696e67206974206c6f6f6b206c696b65207265616461626c6520456e676c6973682e204d616e79206465736b746f70207075626c697368696e67207061636b6167657320616e6420776562207061676520656469746f7273206e6f7720757365204c6f72656d20497073756d2061732074686569722064656661756c74206d6f64656c20746578742c20616e6420612073656172636820666f7220276c6f72656d20697073756d272077696c6c20756e636f766572206d616e7920776562207369746573207374696c6c20696e20746865697220696e66616e63792e20566172696f75732076657273696f6e7320686176652065766f6c766564206f766572207468652079656172732c20736f6d6574696d6573206279206163636964656e742c20736f6d6574696d6573206f6e20707572706f73652028696e6a65637465642068756d6f757220616e6420746865206c696b65292e0d0a0d0a0d0a49742069732061206c6f6e672065737461626c6973686564206661637420746861742061207265616465722077696c6c206265206469737472616374656420627920746865207265616461626c6520636f6e74656e74206f6620612070616765207768656e206c6f6f6b696e6720617420697473206c61796f75742e2054686520706f696e74206f66207573696e67204c6f72656d20497073756d2069732074686174206974206861732061206d6f72652d6f722d6c657373206e6f726d616c20646973747269627574696f6e206f66206c6574746572732c206173206f70706f73656420746f207573696e672027436f6e74656e7420686572652c20636f6e74656e742068657265272c206d616b696e67206974206c6f6f6b206c696b65207265616461626c6520456e676c6973682e204d616e79206465736b746f70207075626c697368696e67207061636b6167657320616e6420776562207061676520656469746f7273206e6f7720757365204c6f72656d20497073756d2061732074686569722064656661756c74206d6f64656c20746578742c20616e6420612073656172636820666f7220276c6f72656d20697073756d272077696c6c20756e636f766572206d616e7920776562207369746573207374696c6c20696e20746865697220696e66616e63792e20566172696f75732076657273696f6e7320686176652065766f6c766564206f766572207468652079656172732c20736f6d6574696d6573206279206163636964656e742c20736f6d6574696d6573206f6e20707572706f73652028696e6a65637465642068756d6f757220616e6420746865206c696b65292e, 0xd985d8b9d984d988d985d8a7d8aa20d8b9d986d8a720d985d8b9d984d988d985d8a7d8aa20d8b9d986d8a720d985d8b9d984d988d985d8a7d8aa20d8b9d986d8a720d985d8b9d984d988d985d8a7d8aa20d8b9d986d8a720d985d8b9d984d988d985d8a7d8aa20d8b9d986d8a720d985d8b9d984d988d985d8a7d8aa20d8b9d986d8a720d985d8b9d984d988d985d8a7d8aa20d8b9d986d8a720d985d8b9d984d988d985d8a7d8aa20d8b9d986d8a720d985d8b9d984d988d985d8a7d8aa20d8b9d986d8a720d985d98620d986d8add98620d985d98620d986d8add98620d985d98620d986d8add98620d985d98620d986d8add98620d985d98620d986d8add98620d985d98620d986d8add98620d985d98620d986d8add98620d985d98620d986d8add98620d985d98620d986d8add98620d8a7d8aad8b5d98420d8a8d986d8a720d985d98620d986d8add98620d985d98620d986d8add98620d985d98620d986d8add98620d985d98620d986d8add986d89f20d985d8b9d984d988d985d8a7d8aa20d8b9d986d8a720d985d8b9d984d988d985d8a7d8aa20d8b9d986d8a720d985d8b9d984d988d985d8a7d8aa20d8b9d986d8a720d985d8b9d984d988d985d8a7d8aa20d8b9d986d8a720d985d8b9d984d988d985d8a7d8aa20d8b9d986d8a720d985d8b9d984d988d985d8a7d8aa20d8b9d986d8a720d985d8b9d984d988d985d8a7d8aa20d8b9d986d8a720d985d8b9d984d988d985d8a7d8aa20d8b9d986d8a720d985d8b9d984d988d985d8a7d8aa20d8b9d986d8a720d985d98620d986d8add98620d985d98620d986d8add98620d985d98620d986d8add98620d985d98620d986d8add98620d985d98620d986d8add98620d985d98620d986d8add98620d985d98620d986d8add98620d985d98620d986d8add98620d985d98620d986d8add98620d8a7d8aad8b5d98420d8a8d986d8a720d985d98620d986d8add98620d985d98620d986d8add98620d985d98620d986d8add98620d985d98620d986d8add986d89f20d985d98620d986d8add98620d985d98620d986d8add98620d985d98620d986d8add986, 'About Us', 0x787878, 0x64736473677364, 0x747265796572, 0x686a6a6b68, 0x79747479, 0x7974727974, 1),
(2, 'Privacy Policy ', 'سياسة الخصوصية\r\n', 0x49742069732061206c6f6e672065737461626c6973686564206661637420746861742061207265616465722077696c6c206265206469737472616374656420627920746865207265616461626c6520636f6e74656e74206f6620612070616765207768656e206c6f6f6b696e6720617420697473206c61796f75742e2054686520706f696e74206f66207573696e67204c6f72656d20497073756d2069732074686174206974206861732061206d6f72652d6f722d6c657373206e6f726d616c20646973747269627574696f6e206f66206c6574746572732c206173206f70706f73656420746f207573696e672027436f6e74656e7420686572652c20636f6e74656e742068657265272c206d616b696e67206974206c6f6f6b206c696b65207265616461626c6520456e676c6973682e204d616e79206465736b746f70207075626c697368696e67207061636b6167657320616e6420776562207061676520656469746f7273206e6f7720757365204c6f72656d20497073756d2061732074686569722064656661756c74206d6f64656c20746578742c20616e6420612073656172636820666f7220276c6f72656d20697073756d272077696c6c20756e636f766572206d616e7920776562207369746573207374696c6c20696e20746865697220696e66616e63792e20566172696f75732076657273696f6e7320686176652065766f6c766564206f766572207468652079656172732c20736f6d6574696d6573206279206163636964656e742c20736f6d6574696d6573206f6e20707572706f73652028696e6a65637465642068756d6f757220616e6420746865206c696b65292e0d0a0d0a0d0a49742069732061206c6f6e672065737461626c6973686564206661637420746861742061207265616465722077696c6c206265206469737472616374656420627920746865207265616461626c6520636f6e74656e74206f6620612070616765207768656e206c6f6f6b696e6720617420697473206c61796f75742e2054686520706f696e74206f66207573696e67204c6f72656d20497073756d2069732074686174206974206861732061206d6f72652d6f722d6c657373206e6f726d616c20646973747269627574696f6e206f66206c6574746572732c206173206f70706f73656420746f207573696e672027436f6e74656e7420686572652c20636f6e74656e742068657265272c206d616b696e67206974206c6f6f6b206c696b65207265616461626c6520456e676c6973682e204d616e79206465736b746f70207075626c697368696e67207061636b6167657320616e6420776562207061676520656469746f7273206e6f7720757365204c6f72656d20497073756d2061732074686569722064656661756c74206d6f64656c20746578742c20616e6420612073656172636820666f7220276c6f72656d20697073756d272077696c6c20756e636f766572206d616e7920776562207369746573207374696c6c20696e20746865697220696e66616e63792e20566172696f75732076657273696f6e7320686176652065766f6c766564206f766572207468652079656172732c20736f6d6574696d6573206279206163636964656e742c20736f6d6574696d6573206f6e20707572706f73652028696e6a65637465642068756d6f757220616e6420746865206c696b65292e0d0a0d0a0d0a49742069732061206c6f6e672065737461626c6973686564206661637420746861742061207265616465722077696c6c206265206469737472616374656420627920746865207265616461626c6520636f6e74656e74206f6620612070616765207768656e206c6f6f6b696e6720617420697473206c61796f75742e2054686520706f696e74206f66207573696e67204c6f72656d20497073756d2069732074686174206974206861732061206d6f72652d6f722d6c657373206e6f726d616c20646973747269627574696f6e206f66206c6574746572732c206173206f70706f73656420746f207573696e672027436f6e74656e7420686572652c20636f6e74656e742068657265272c206d616b696e67206974206c6f6f6b206c696b65207265616461626c6520456e676c6973682e204d616e79206465736b746f70207075626c697368696e67207061636b6167657320616e6420776562207061676520656469746f7273206e6f7720757365204c6f72656d20497073756d2061732074686569722064656661756c74206d6f64656c20746578742c20616e6420612073656172636820666f7220276c6f72656d20697073756d272077696c6c20756e636f766572206d616e7920776562207369746573207374696c6c20696e20746865697220696e66616e63792e20566172696f75732076657273696f6e7320686176652065766f6c766564206f766572207468652079656172732c20736f6d6574696d6573206279206163636964656e742c20736f6d6574696d6573206f6e20707572706f73652028696e6a65637465642068756d6f757220616e6420746865206c696b65292e0d0a0d0a49742069732061206c6f6e672065737461626c6973686564206661637420746861742061207265616465722077696c6c206265206469737472616374656420627920746865207265616461626c6520636f6e74656e74206f6620612070616765207768656e206c6f6f6b696e6720617420697473206c61796f75742e2054686520706f696e74206f66207573696e67204c6f72656d20497073756d2069732074686174206974206861732061206d6f72652d6f722d6c657373206e6f726d616c20646973747269627574696f6e206f66206c6574746572732c206173206f70706f73656420746f207573696e672027436f6e74656e7420686572652c20636f6e74656e742068657265272c206d616b696e67206974206c6f6f6b206c696b65207265616461626c6520456e676c6973682e204d616e79206465736b746f70207075626c697368696e67207061636b6167657320616e6420776562207061676520656469746f7273206e6f7720757365204c6f72656d20497073756d2061732074686569722064656661756c74206d6f64656c20746578742c20616e6420612073656172636820666f7220276c6f72656d20697073756d272077696c6c20756e636f766572206d616e7920776562207369746573207374696c6c20696e20746865697220696e66616e63792e20566172696f75732076657273696f6e7320686176652065766f6c766564206f766572207468652079656172732c20736f6d6574696d6573206279206163636964656e742c20736f6d6574696d6573206f6e20707572706f73652028696e6a65637465642068756d6f757220616e6420746865206c696b65292e0d0a0d0a49742069732061206c6f6e672065737461626c6973686564206661637420746861742061207265616465722077696c6c206265206469737472616374656420627920746865207265616461626c6520636f6e74656e74206f6620612070616765207768656e206c6f6f6b696e6720617420697473206c61796f75742e2054686520706f696e74206f66207573696e67204c6f72656d20497073756d2069732074686174206974206861732061206d6f72652d6f722d6c657373206e6f726d616c20646973747269627574696f6e206f66206c6574746572732c206173206f70706f73656420746f207573696e672027436f6e74656e7420686572652c20636f6e74656e742068657265272c206d616b696e67206974206c6f6f6b206c696b65207265616461626c6520456e676c6973682e204d616e79206465736b746f70207075626c697368696e67207061636b6167657320616e6420776562207061676520656469746f7273206e6f7720757365204c6f72656d20497073756d2061732074686569722064656661756c74206d6f64656c20746578742c20616e6420612073656172636820666f7220276c6f72656d20697073756d272077696c6c20756e636f766572206d616e7920776562207369746573207374696c6c20696e20746865697220696e66616e63792e20566172696f75732076657273696f6e7320686176652065766f6c766564206f766572207468652079656172732c20736f6d6574696d6573206279206163636964656e742c20736f6d6574696d6573206f6e20707572706f73652028696e6a65637465642068756d6f757220616e6420746865206c696b65292e, 0xd985d8add8aad988d98920d984d988d8b1d98ad8b3d8a8d988d985d985d8add8aad988d98920d984d988d8b1d98ad8b3d8a8d988d985d985d8add8aad988d98920d984d988d8b1d98ad8b3d8a8d988d985d985d8add8aad988d98920d984d988d8b1d98ad8b3d8a8d988d985d985d8add8aad988d98920d984d988d8b1d98ad8b3d8a8d988d985d985d8add8aad988d98920d984d988d8b1d98ad8b3d8a8d988d985d985d8add8aad988d98920d984d988d8b1d98ad8b3d8a8d988d985d985d8add8aad988d98920d984d988d8b1d98ad8b3d8a8d988d985d985d8add8aad988d98920d984d988d8b1d98ad8b3d8a8d988d985d985d8add8aad988d98920d984d988d8b1d98ad8b3d8a8d988d985d985d8add8aad988d98920d984d988d8b1d98ad8b3d8a8d988d985d985d8add8aad988d98920d984d988d8b1d98ad8b3d8a8d988d985d985d8add8aad988d98920d984d988d8b1d98ad8b3d8a8d988d985d985d8add8aad988d98920d984d988d8b1d98ad8b3d8a8d988d985d985d8add8aad988d98920d984d988d8b1d98ad8b3d8a8d988d985d985d8add8aad988d98920d984d988d8b1d98ad8b3d8a8d988d985, 'Privacy Policy', 0x4c6f72657370756d20636f6e74656e74, 0xd985d8add8aad988d98920d984d988d8b1d98ad8b3d8a8d988d985, 0x4c6f72657370756d20636f6e74656e744c6f72657370756d20636f6e74656e744c6f72657370756d20636f6e74656e744c6f72657370756d20636f6e74656e744c6f72657370756d20636f6e74656e744c6f72657370756d20636f6e74656e744c6f72657370756d20636f6e74656e744c6f72657370756d20636f6e74656e744c6f72657370756d20636f6e74656e744c6f72657370756d20636f6e74656e744c6f72657370756d20636f6e74656e744c6f72657370756d20636f6e74656e74, 0xd985d8add8aad988d98920d984d988d8b1d98ad8b3d8a8d988d985d985d8add8aad988d98920d984d988d8b1d98ad8b3d8a8d988d985d985d8add8aad988d98920d984d988d8b1d98ad8b3d8a8d988d985d985d8add8aad988d98920d984d988d8b1d98ad8b3d8a8d988d985d985d8add8aad988d98920d984d988d8b1d98ad8b3d8a8d988d985d985d8add8aad988d98920d984d988d8b1d98ad8b3d8a8d988d985d985d8add8aad988d98920d984d988d8b1d98ad8b3d8a8d988d985d985d8add8aad988d98920d984d988d8b1d98ad8b3d8a8d988d985d985d8add8aad988d98920d984d988d8b1d98ad8b3d8a8d988d985d985d8add8aad988d98920d984d988d8b1d98ad8b3d8a8d988d985d985d8add8aad988d98920d984d988d8b1d98ad8b3d8a8d988d985d985d8add8aad988d98920d984d988d8b1d98ad8b3d8a8d988d985d985d8add8aad988d98920d984d988d8b1d98ad8b3d8a8d988d985d985d8add8aad988d98920d984d988d8b1d98ad8b3d8a8d988d985d985d8add8aad988d98920d984d988d8b1d98ad8b3d8a8d988d985, 0x4c6f72657370756d20636f6e74656e744c6f72657370756d20636f6e74656e744c6f72657370756d20636f6e74656e744c6f72657370756d20636f6e74656e744c6f72657370756d20636f6e74656e744c6f72657370756d20636f6e74656e744c6f72657370756d20636f6e74656e744c6f72657370756d20636f6e74656e744c6f72657370756d20636f6e74656e744c6f72657370756d20636f6e74656e744c6f72657370756d20636f6e74656e744c6f72657370756d20636f6e74656e74, 0xd985d8add8aad988d98920d984d988d8b1d98ad8b3d8a8d988d985d985d8add8aad988d98920d984d988d8b1d98ad8b3d8a8d988d985d985d8add8aad988d98920d984d988d8b1d98ad8b3d8a8d988d985d985d8add8aad988d98920d984d988d8b1d98ad8b3d8a8d988d985d985d8add8aad988d98920d984d988d8b1d98ad8b3d8a8d988d985d985d8add8aad988d98920d984d988d8b1d98ad8b3d8a8d988d985d985d8add8aad988d98920d984d988d8b1d98ad8b3d8a8d988d985d985d8add8aad988d98920d984d988d8b1d98ad8b3d8a8d988d985d985d8add8aad988d98920d984d988d8b1d98ad8b3d8a8d988d985d985d8add8aad988d98920d984d988d8b1d98ad8b3d8a8d988d985d985d8add8aad988d98920d984d988d8b1d98ad8b3d8a8d988d985d985d8add8aad988d98920d984d988d8b1d98ad8b3d8a8d988d985d985d8add8aad988d98920d984d988d8b1d98ad8b3d8a8d988d985d985d8add8aad988d98920d984d988d8b1d98ad8b3d8a8d988d985, 1),
(3, 'dsfds', 'fds', 0x66647366647366, 0x6473666473, 'About Ussd', 0x617364, 0x6173646173, 0x617364617364, 0x617364617364, 0x6173646173206120646173, 0x6173206461736420736164206173, 2),
(4, 'Terms and Condition', 'Terms and Conditions Arabic', 0x5465726d7320616e6420436f6e646974696f6e73204465736372697074696f6e2020456e676c697368, 0x5465726d7320616e6420436f6e646974696f6e73204465736372697074696f6e20417261626963, 'Terms and Condition', 0x5465726d7320616e6420436f6e646974696f6e7320, 0x5465726d7320616e6420436f6e646974696f6e7320, 0x5465726d7320616e6420436f6e646974696f6e7320, 0x5465726d7320616e6420436f6e646974696f6e7320, 0x5465726d7320616e6420436f6e646974696f6e7320, 0x5465726d7320616e6420436f6e646974696f6e7320, 1),
(5, 'test1', 'test1', 0x616461736461736461736461, 0x6173646173646173, 'asdasdas', 0x617364617364, 0x617364617364, 0x617364617364, 0x6173646173646173, 0x6173646173646173, 0x6173646173646173, 1),
(6, 'test2', 'test2', 0x7465737432, 0x7465737432, 'test2', 0x7465737432, 0x7465737432, 0x7465737432, 0x7465737432, 0x7465737432, 0x7465737432, 1),
(7, 'test3', 'test3', 0x7465737433, 0x7465737433, 'test3', 0x7465737433, 0x7465737433, 0x7465737433, 0x7465737433, 0x7465737433, 0x7465737433, 1),
(8, 'test4', 'test4', 0x7465737434, 0x7465737434, 'test4', 0x7465737434, 0x7465737434, 0x7465737434, 0x7465737434, 0x7465737434, 0x7465737434, 1),
(9, 'test5', 'test5', 0x7465737435, 0x7465737435, 'test5', 0x7465737435, 0x7465737435, 0x7465737435, 0x7465737435, 0x7465737435, 0x7465737435, 1),
(10, 'test6', 'test6', 0x7465737436, 0x7465737436, 'test6', 0x7465737436, 0x7465737436, 0x7465737436, 0x7465737436, 0x7465737436, 0x7465737436, 1),
(11, 'test7', 'test7', 0x7465737437, 0x7465737437, 'test7', 0x7465737437, 0x7465737437, 0x7465737437, 0x7465737437, 0x7465737437, 0x7465737437, 1),
(12, 'test8', 'test8', 0x7465737438, 0x7465737438, 'test8', 0x7465737438, 0x7465737438, 0x7465737438, 0x7465737438, 0x7465737438, 0x7465737438, 1),
(13, 'test9', 'test9', 0x7465737439, 0x7465737439, 'test9', 0x7465737439, 0x7465737439, 0x7465737439, 0x7465737439, 0x7465737439, 0x7465737439, 1),
(14, 'test10', 'test10', 0x746573743130, 0x746573743130, 'test10', 0x746573743130, 0x746573743130, 0x746573743130, 0x746573743130, 0x746573743130, 0x746573743130, 1),
(15, 'test11', 'test11', 0x746573743131, 0x746573743131, 'test11', 0x746573743131, 0x746573743131, 0x746573743131, 0x746573743131, 0x746573743131, 0x746573743131, 1),
(16, 'test12', 'test12', 0x746573743132, 0x746573743132, 'test12', 0x746573743132, 0x746573743132, 0x746573743132, 0x746573743132, 0x746573743132, 0x746573743132, 1),
(17, 'test13', 'test13', 0x3129206661736673646673646166647361660d0a0d0a3229207364676664736664617366646173660d0a0d0a332920647367666173646664617366, 0x746573743133, 'test13', 0x746573743133, 0x746573743133, 0x746573743133, 0x746573743133, 0x746573743133, 0x746573743133, 1),
(18, 'egeg', 'egeg', 0x617364617364617364617364, 0x7a647366647366, 'rgrgrg', 0x64617366646173, 0x736466, 0x736466, 0x6461736664617366, 0x617364666473616473, 0x647366, 1);

-- --------------------------------------------------------

--
-- Table structure for table `tb_country`
--

CREATE TABLE `tb_country` (
  `country_id` int(11) NOT NULL,
  `country_name_en` varchar(512) NOT NULL,
  `country_name_ar` varchar(512) CHARACTER SET utf8 NOT NULL,
  `country_status` int(11) NOT NULL,
  `currency_code` varchar(10) NOT NULL,
  `currency_symbol` varchar(5) NOT NULL,
  `currency_rate` double NOT NULL,
  `country_default` int(1) NOT NULL
) ENGINE=InnoDB DEFAULT CHARSET=latin1;

--
-- Dumping data for table `tb_country`
--

INSERT INTO `tb_country` (`country_id`, `country_name_en`, `country_name_ar`, `country_status`, `currency_code`, `currency_symbol`, `currency_rate`, `country_default`) VALUES
(1, 'India', 'الهند', 1, 'INR', 'Rs', 64.1255, 0),
(3, 'United States', 'الولايات المتحدة', 1, 'USD', '$', 1, 1),
(5, 'Saudi Arabia', 'المملكة العربية السعودية', 1, 'SAR', '$', 3.7502, 0),
(7, 'sdfds', 'sdfdsf', 2, 'sdfdsf', 'dsfds', 0, 0),
(8, 'dsfds', 'dsfdsf', 2, 'dsfds', 'dsfds', 0, 0),
(9, 'dsfsd', 'dsfsd', 2, 'dsfds', 'sdfds', 34.01, 0),
(10, 'dsfdssdf', 'sdfdsfdsf sd', 2, 'sdfdsfsdfd', 'sdfds', 34.01, 0),
(11, 'sadas', 'asdasd', 2, 'sfsdf', 'dsf', 1213131, 0),
(12, 'dsfdsfsdf', 'sdfsdfsdf ', 2, 'sdfds', 'dsf', 32432, 0),
(13, 'test', 'tset', 2, 'dsfds', '$', 0, 0),
(14, 'sdfdsf', 'dsfsdf', 2, 'sdfs', 'dsf', 0, 0),
(15, 'fgdf', 'gdfg', 2, 'fgdg', 'dgf', 0, 0);

-- --------------------------------------------------------

--
-- Table structure for table `tb_cuisine`
--

CREATE TABLE `tb_cuisine` (
  `cuisine_id` int(10) NOT NULL,
  `cuisine_name_en` text,
  `cuisine_name_ar` text CHARACTER SET utf8,
  `cuisine_status` int(10) NOT NULL COMMENT '0=>block,1=>Unblock'
) ENGINE=InnoDB DEFAULT CHARSET=latin1;

--
-- Dumping data for table `tb_cuisine`
--

INSERT INTO `tb_cuisine` (`cuisine_id`, `cuisine_name_en`, `cuisine_name_ar`, `cuisine_status`) VALUES
(1, 'Desserts', 'الحلويات', 1),
(2, 'American', 'أمريكي', 1),
(3, 'Breakfast', 'وجبة افطار', 1),
(4, 'Burgers', 'البرغر', 1),
(5, 'dsfds', NULL, 2),
(6, 'dsfds', 'sfds', 2);

-- --------------------------------------------------------

--
-- Table structure for table `tb_currency`
--

CREATE TABLE `tb_currency` (
  `currency_id` int(11) NOT NULL,
  `currency_country_id` int(11) NOT NULL,
  `base_currency_code` varchar(10) NOT NULL,
  `converted_to_INR` double NOT NULL,
  `converted_to_USD` double NOT NULL,
  `converted_to_SAR` double NOT NULL
) ENGINE=InnoDB DEFAULT CHARSET=latin1;

--
-- Dumping data for table `tb_currency`
--

INSERT INTO `tb_currency` (`currency_id`, `currency_country_id`, `base_currency_code`, `converted_to_INR`, `converted_to_USD`, `converted_to_SAR`) VALUES
(1, 1, 'INR', 1, 0.0157, 0.0587),
(2, 3, 'USD', 63.8925, 1, 3.7504),
(3, 5, 'SAR', 17.0366, 0.2666, 1);

-- --------------------------------------------------------

--
-- Table structure for table `tb_customer`
--

CREATE TABLE `tb_customer` (
  `id` int(10) NOT NULL,
  `name` varchar(255) NOT NULL,
  `email` text NOT NULL,
  `mobile_no` varchar(255) NOT NULL,
  `alternative_no` varchar(255) NOT NULL,
  `customer_address` text NOT NULL,
  `customer_address1` text NOT NULL,
  `user_name` varchar(255) NOT NULL,
  `password` varchar(255) NOT NULL,
  `confirm_password` varchar(255) NOT NULL,
  `profile_photo` text NOT NULL,
  `user_type` varchar(255) NOT NULL DEFAULT '1' COMMENT '1->Admin,2->Normal,3->Facebook,4->Google,5->LinkedIn',
  `google_id` varchar(255) NOT NULL,
  `facebook_id` varchar(255) NOT NULL,
  `status` int(10) NOT NULL COMMENT '0-block,1-un-block',
  `shippingmobileno` varchar(255) DEFAULT NULL,
  `shippinglandlineno` varchar(255) DEFAULT NULL,
  `cityid` varchar(255) DEFAULT NULL,
  `locationid` varchar(255) DEFAULT NULL,
  `street` varchar(255) DEFAULT NULL,
  `floor` varchar(255) DEFAULT NULL,
  `direction` varchar(255) DEFAULT NULL,
  `addresstitle` varchar(255) DEFAULT NULL,
  `building` varchar(255) DEFAULT NULL,
  `appartmentno` varchar(255) DEFAULT NULL,
  `house` varchar(256) NOT NULL,
  `office` varchar(256) NOT NULL,
  `address_type` enum('A','H','O') NOT NULL COMMENT 'H-Home,A-Appartment,O-Office',
  `newsletter` varchar(100) NOT NULL,
  `sms` varchar(100) NOT NULL,
  `phone_verify` int(11) NOT NULL COMMENT '0- not verify,1- verified',
  `otp` varchar(100) NOT NULL,
  `table_otp` varchar(100) NOT NULL
) ENGINE=InnoDB DEFAULT CHARSET=latin1;

--
-- Dumping data for table `tb_customer`
--

INSERT INTO `tb_customer` (`id`, `name`, `email`, `mobile_no`, `alternative_no`, `customer_address`, `customer_address1`, `user_name`, `password`, `confirm_password`, `profile_photo`, `user_type`, `google_id`, `facebook_id`, `status`, `shippingmobileno`, `shippinglandlineno`, `cityid`, `locationid`, `street`, `floor`, `direction`, `addresstitle`, `building`, `appartmentno`, `house`, `office`, `address_type`, `newsletter`, `sms`, `phone_verify`, `otp`, `table_otp`) VALUES
(13, 'vinod babu', 'vinodbabu@pofitec.com', '+919092398789', '9498056637', 'test', '', 'vinod babu', 'e10adc3949ba59abbe56e057f20f883e', '', 'customer_13.png', '2', '', '0', 1, '9498056637', NULL, '1', '1', 'gupta street', '2', 'near city towers', 'sri home', 'ey5etrytre', 'rtytreytre', '', '', 'A', '', '', 1, '6095', ''),
(14, 'micheal', 'micheal@pofitec.com', '8015851532', '9842102255', '31, Perumal kovil street,\r\nSowripalayam,\r\nCoimbatore', '', 'micheal', '088727816bf2568e1cba993195ce188e', '', 'customer_14.jpg', '2', '', '', 1, NULL, NULL, NULL, NULL, NULL, NULL, NULL, NULL, NULL, NULL, '', '', 'A', '', '', 0, '', ''),
(16, 'kathir', 'kathirvel@pofitec.com', '+919092398789', '9688393304', 'coimbatore', '', 'kathir', 'e10adc3949ba59abbe56e057f20f883e', '', 'customer_16.jpg', '2', '', '', 1, NULL, NULL, '1', '1', 'udumalpet, cbe', '1', 'udumalpet\r\ncbe', 'udumalpet, cbe', '3', 'test apartment', '', '', 'A', '', '', 0, '', ''),
(17, 'sf dsf', 'kathirvel1@pofitec.com', '9876543210', '9876543210', 'test\r\ntest', '', '', 'e10adc3949ba59abbe56e057f20f883e', '', '', '1', '', '', 0, NULL, NULL, NULL, NULL, NULL, NULL, NULL, NULL, NULL, NULL, '', '', 'A', '', '', 0, '', ''),
(18, 'test', 'kathirvel2@pofitec.com', '9876543210', '9876543210', 'tsfdf\r\nsdf', '', '', 'e10adc3949ba59abbe56e057f20f883e', '', 'customer_18.jpg', '1', '', '', 2, NULL, NULL, NULL, NULL, NULL, NULL, NULL, NULL, NULL, NULL, '', '', 'A', '', '', 0, '', ''),
(19, 'dsfds f', 'kathirvel2@pofitec.com', '9876543210', '9876543210', 'dfgdf gdg', '', '', 'e10adc3949ba59abbe56e057f20f883e', '', 'customer_19.png', '1', '', '', 0, NULL, NULL, NULL, NULL, NULL, NULL, NULL, NULL, NULL, NULL, '', '', 'A', '', '', 0, '', ''),
(20, 'test', 'test132@gmail.com', '9876543210', '9876543210', 'test\r\ntest', '', 'test', 'e10adc3949ba59abbe56e057f20f883e', '', '', '2', '', '', 1, NULL, NULL, NULL, NULL, NULL, NULL, NULL, NULL, NULL, NULL, '', '', 'A', '', '', 0, '', ''),
(29, 'kailash', 'kailashkumar.r@pofitec.com', '+919092398788', '+911234567890', '', '', 'kailash', 'e10adc3949ba59abbe56e057f20f883e', '', '', '2', '', '', 1, NULL, NULL, '1', '1', 'yyyyyy', '45', 'xczxczxczc', 'xxxxx', 'czczxc', '25', '', '', 'A', 'Yes', 'No', 1, '19380', '30709'),
(30, 'ragul', 'ragul@gmail.com', '9944349002', '', '', '', '', 'e10adc3949ba59abbe56e057f20f883e', '', '', '2', '', '', 1, NULL, NULL, '1', '1', 'Sengupta', '2', 'No 144 ,Sengupta', 'Business Zone', 'Business Zone', '', '', 'Business Zone', 'O', 'No', 'No', 0, '', ''),
(32, '', '', '', '', '', '', '', 'd41d8cd98f00b204e9800998ecf8427e', '', '', '2', '', '', 1, NULL, NULL, NULL, NULL, NULL, NULL, NULL, NULL, NULL, NULL, '', '', 'A', 'No', 'No', 0, '', ''),
(33, 'kailashkumar', 'kailashkumar@pofitec.com', '09092398789', '', '', '', '', 'e10adc3949ba59abbe56e057f20f883e', '', '', '2', '', '', 1, NULL, NULL, NULL, NULL, NULL, NULL, NULL, NULL, NULL, NULL, '', '', 'A', 'No', 'No', 0, '', ''),
(35, 'uday', 'uday@gmail.com', '1234567890', '', '', '', '', 'e10adc3949ba59abbe56e057f20f883e', '', '', '2', '', '', 1, NULL, NULL, NULL, NULL, NULL, NULL, NULL, NULL, NULL, NULL, '', '', 'A', 'No', 'No', 0, '', ''),
(36, 'wtreret', 'ragul@gmail.co', '4545454', '', '', '', '', '30bd34458cd944d1f8cd677e47957241', '', '', '2', '', '', 1, NULL, NULL, NULL, NULL, NULL, NULL, NULL, NULL, NULL, NULL, '', '', 'A', 'No', 'No', 0, '', ''),
(39, 'kathir', 'k.kathir.r@gmail.com', '9688393304', '', '', '', '', 'e10adc3949ba59abbe56e057f20f883e', '', '', '2', '', '', 1, NULL, NULL, NULL, NULL, NULL, NULL, NULL, NULL, NULL, NULL, '', '', 'A', 'No', 'No', 0, '', ''),
(47, 'ragul', 'ragulgandhi@pofitec.com', '9944349002', '', '', '', '', '002a19c4b8b2f9b8dd25fb60d4f93221', '', '', '2', '', '', 2, NULL, NULL, '1', '1', 'Sengupta street', '2', '144, Sengupta street,\r\nRamnager,\r\nGandhipuram', 'White House', '1', '', '', '1', 'O', 'Yes', 'Yes', 0, '', ''),
(48, 'sadsa', 'dsfssdf@gmail.com', '+91', '', '', '', '', 'e10adc3949ba59abbe56e057f20f883e', '', '', '2', '', '', 1, NULL, NULL, NULL, NULL, NULL, NULL, NULL, NULL, NULL, NULL, '', '', 'A', 'No', 'No', 0, '', ''),
(49, 'test', 'testse@gmail.com', '+91fadsfds f', '', '', '', '', 'e10adc3949ba59abbe56e057f20f883e', '', '', '2', '', '', 1, NULL, NULL, NULL, NULL, NULL, NULL, NULL, NULL, NULL, NULL, '', '', 'A', 'No', 'No', 0, '', ''),
(50, 'test', 'test123@gmail.com2', '+91', '', '', '', '', 'e10adc3949ba59abbe56e057f20f883e', '', '', '2', '', '', 1, NULL, NULL, NULL, NULL, NULL, NULL, NULL, NULL, NULL, NULL, '', '', 'A', 'No', 'No', 0, '', ''),
(51, 'micheal', 'admin1@gmail.com', '+91', '', '', '', '', 'e10adc3949ba59abbe56e057f20f883e', '', '', '2', '', '', 1, NULL, NULL, NULL, NULL, NULL, NULL, NULL, NULL, NULL, NULL, '', '', 'A', 'No', 'No', 0, '', ''),
(52, 'aaa', 'admin2@gmail.com', '+91', '', '', '', '', 'e10adc3949ba59abbe56e057f20f883e', '', '', '2', '', '', 1, NULL, NULL, NULL, NULL, NULL, NULL, NULL, NULL, NULL, NULL, '', '', 'A', 'No', 'No', 0, '', ''),
(53, 'dsf', 'admin3@gmail.com', '+91', '', '', '', '', 'e10adc3949ba59abbe56e057f20f883e', '', '', '2', '', '', 1, NULL, NULL, NULL, NULL, NULL, NULL, NULL, NULL, NULL, NULL, '', '', 'A', 'No', 'No', 0, '', ''),
(54, 'dfg', 'admin6@gmail.com', '+91', '', '', '', '', 'e10adc3949ba59abbe56e057f20f883e', '', '', '2', '', '', 1, NULL, NULL, NULL, NULL, NULL, NULL, NULL, NULL, NULL, NULL, '', '', 'A', 'No', 'No', 0, '', ''),
(55, 'sddd', 'admin7@gmail.com', '+91', '', '', '', '', 'e10adc3949ba59abbe56e057f20f883e', '', '', '2', '', '', 1, NULL, NULL, NULL, NULL, NULL, NULL, NULL, NULL, NULL, NULL, '', '', 'A', 'No', 'No', 0, '', ''),
(56, 'sfdf', 'admin8@gmail.com', '+91', '', '', '', '', 'e10adc3949ba59abbe56e057f20f883e', '', '', '2', '', '', 1, NULL, NULL, NULL, NULL, NULL, NULL, NULL, NULL, NULL, NULL, '', '', 'A', 'No', 'No', 0, '', ''),
(57, 'fdsff', 'admin9@gmail.com', '+91', '', '', '', '', 'e10adc3949ba59abbe56e057f20f883e', '', '', '2', '', '', 1, NULL, NULL, NULL, NULL, NULL, NULL, NULL, NULL, NULL, NULL, '', '', 'A', 'No', 'No', 0, '', ''),
(58, 'rwe', 'admin11@gmail.com', '+91', '', '', '', '', 'e10adc3949ba59abbe56e057f20f883e', '', '', '2', '', '', 1, NULL, NULL, NULL, NULL, NULL, NULL, NULL, NULL, NULL, NULL, '', '', 'A', 'No', 'No', 0, '', ''),
(59, 'dffdfd', 'admin12@gmail.com', '+91', '', '', '', '', 'e10adc3949ba59abbe56e057f20f883e', '', '', '2', '', '', 1, NULL, NULL, NULL, NULL, NULL, NULL, NULL, NULL, NULL, NULL, '', '', 'A', 'No', 'No', 0, '', ''),
(60, 'fds', 'admin13@gmail.com', '+91', '', '', '', '', 'e10adc3949ba59abbe56e057f20f883e', '', '', '2', '', '', 1, NULL, NULL, NULL, NULL, NULL, NULL, NULL, NULL, NULL, NULL, '', '', 'A', 'No', 'No', 0, '', ''),
(61, 'fd', 'admin14@gmail.com', '+91', '', '', '', '', 'e10adc3949ba59abbe56e057f20f883e', '', '', '2', '', '', 1, NULL, NULL, NULL, NULL, NULL, NULL, NULL, NULL, NULL, NULL, '', '', 'A', 'No', 'No', 0, '', ''),
(62, 'dsfsfds', 'admin15@gmail.com', '+91', '', '', '', '', 'e10adc3949ba59abbe56e057f20f883e', '', '', '2', '', '', 1, NULL, NULL, NULL, NULL, NULL, NULL, NULL, NULL, NULL, NULL, '', '', 'A', 'No', 'No', 0, '', ''),
(63, 'dffef', 'admin17@gmail.com', '+91', '', '', '', '', 'e10adc3949ba59abbe56e057f20f883e', '', '', '2', '', '', 1, NULL, NULL, NULL, NULL, NULL, NULL, NULL, NULL, NULL, NULL, '', '', 'A', 'No', 'No', 0, '', ''),
(64, 'dfd', 'admin18@gmail.com', '+91', '', '', '', '', 'e10adc3949ba59abbe56e057f20f883e', '', '', '2', '', '', 1, NULL, NULL, NULL, NULL, NULL, NULL, NULL, NULL, NULL, NULL, '', '', 'A', 'No', 'No', 0, '', ''),
(65, 'ewerw', 'admin19@gmail.com', '+91', '', '', '', '', 'e10adc3949ba59abbe56e057f20f883e', '', '', '2', '', '', 1, NULL, NULL, NULL, NULL, NULL, NULL, NULL, NULL, NULL, NULL, '', '', 'A', 'No', 'No', 0, '', ''),
(66, 'Vinod Vinod', 'test21689@gmail.com', '', '', '', '', '', '', '', '', '3', '', '1965684406985268', 2, NULL, NULL, NULL, NULL, NULL, NULL, NULL, NULL, NULL, NULL, '', '', 'A', '', '', 0, '', ''),
(67, 'Vinodbabu K', 'vinodbabu@pofitec.com', '9790417157', '', '', '', '', '', '', '', '4', '115221776482186244417', '', 0, NULL, NULL, '1', '1', 'test', '', 'test', 'test', '', '', 'test house', '', 'H', '', '', 0, '7012', ''),
(68, 'venugopal', 'venugopal@pofitec.com', '+919790417157', '', '', '', '', '868e320b8c18f461136e9a6ca8839c01', '', '', '2', '', '', 1, NULL, NULL, '1', '1', 'test ship addr1, test ship addr2', 'test floor', 'test ship addr1\r\ntest ship addr2', 'test ship addr1, test ship addr2', 'test building', 'test apartment', '', '', 'A', 'No', 'No', 0, '', ''),
(69, 'dsfdsf', 'venugopagl@pofitec.com', '+914554343534', '', '', '', '', '868e320b8c18f461136e9a6ca8839c01', '', '', '2', '', '', 1, NULL, NULL, NULL, NULL, NULL, NULL, NULL, NULL, NULL, NULL, '', '', 'A', 'No', 'No', 0, '', ''),
(70, 'fdgdfg', 'venugopal2@pofitec.com', '+91', '', '', '', '', '868e320b8c18f461136e9a6ca8839c01', '', '', '2', '', '', 1, NULL, NULL, NULL, NULL, NULL, NULL, NULL, NULL, NULL, NULL, '', '', 'A', 'No', 'No', 0, '', ''),
(71, 'fsdf', 'venugopalff@pofitec.com', '+91', '', '', '', '', '868e320b8c18f461136e9a6ca8839c01', '', '', '2', '', '', 2, NULL, NULL, NULL, NULL, NULL, NULL, NULL, NULL, NULL, NULL, '', '', 'A', 'No', 'No', 0, '', ''),
(72, 'sfsdf', 'venugopal33@pofitec.com', '+91', '', '', '', '', '868e320b8c18f461136e9a6ca8839c01', '', '', '2', '', '', 2, NULL, NULL, NULL, NULL, NULL, NULL, NULL, NULL, NULL, NULL, '', '', 'A', 'No', 'No', 0, '', ''),
(73, 'Vinod Vinod', 'test21689@gmail.com', '', '', '', '', '', 'Vinod Vinod', 'Vinod Vinod', '', '3', '', '1965684406985268', 2, NULL, NULL, NULL, NULL, NULL, NULL, NULL, NULL, NULL, NULL, '', '', 'A', '', '', 0, '', ''),
(74, 'Vinod Vinod', 'test21689@gmail.com', '', '', '', '', '', 'Vinod Vinod', 'Vinod Vinod', '', '3', '', '1965684406985268', 2, NULL, NULL, NULL, NULL, NULL, NULL, NULL, NULL, NULL, NULL, '', '', 'A', '', '', 0, '', ''),
(75, '3dd8bf18de685b1d20b2085a0c8d2c32', 'test21689@gmail.com', '', '', '', '', '', '3dd8bf18de685b1d20b2085a0c8d2c32', '3dd8bf18de685b1d20b2085a0c8d2c32', '', '3', '', '1965684406985268', 2, NULL, NULL, NULL, NULL, NULL, NULL, NULL, NULL, NULL, NULL, '', '', 'A', '', '', 0, '', ''),
(76, 'Vinod Vinod', 'test21689@gmail.com', '', '', '', '', '', '3dd8bf18de685b1d20b2085a0c8d2c32', '', '', '3', '', '1965684406985268', 2, NULL, NULL, NULL, NULL, NULL, NULL, NULL, NULL, NULL, NULL, '', '', 'A', '', '', 0, '', ''),
(77, 'Vinod Vinod', 'test21689@gmail.com', '', '', '', '', '', '3dd8bf18de685b1d20b2085a0c8d2c32', '', '', '3', '', '1965684406985268', 2, NULL, NULL, NULL, NULL, NULL, NULL, NULL, NULL, NULL, NULL, '', '', 'A', '', '', 0, '', ''),
(78, 'Vinod Vinod', 'test21689@gmail.com', '', '', '', '', '', '3dd8bf18de685b1d20b2085a0c8d2c32', '', '', '3', '', '1965684406985268', 2, NULL, NULL, NULL, NULL, NULL, NULL, NULL, NULL, NULL, NULL, '', '', 'A', '', '', 0, '', ''),
(79, 'Vinod Vinod', 'test21689@gmail.com', '', '', '', '', '', '3dd8bf18de685b1d20b2085a0c8d2c32', '', '', '3', '', '1965684406985268', 2, NULL, NULL, NULL, NULL, NULL, NULL, NULL, NULL, NULL, NULL, '', '', 'A', '', '', 0, '', ''),
(80, 'Vinod Vinod', 'test21689@gmail.com', '', '', '', '', '', '3dd8bf18de685b1d20b2085a0c8d2c32', '', '', '3', '', '1965684406985268', 2, NULL, NULL, NULL, NULL, NULL, NULL, NULL, NULL, NULL, NULL, '', '', 'A', '', '', 0, '', ''),
(81, 'Vinod Vinod', 'test21689@gmail.com', '', '', '', '', '', '3dd8bf18de685b1d20b2085a0c8d2c32', '', '', '3', '', '1965684406985268', 2, NULL, NULL, NULL, NULL, NULL, NULL, NULL, NULL, NULL, NULL, '', '', 'A', '', '', 0, '', ''),
(82, 'Vinod Vinod', 'test21689@gmail.com', '', '', '', '', '', '3dd8bf18de685b1d20b2085a0c8d2c32', '', '', '3', '', '1965684406985268', 2, NULL, NULL, NULL, NULL, NULL, NULL, NULL, NULL, NULL, NULL, '', '', 'A', '', '', 0, '', ''),
(83, 'Vinod Vinod', 'test21689@gmail.com', '', '', '', '', '', '3dd8bf18de685b1d20b2085a0c8d2c32', '', '', '3', '', '1965684406985268', 2, NULL, NULL, NULL, NULL, NULL, NULL, NULL, NULL, NULL, NULL, '', '', 'A', '', '', 0, '', ''),
(84, 'Vinod Vinod', 'test21689@gmail.com', '', '', '', '', '', '3dd8bf18de685b1d20b2085a0c8d2c32', '', '', '3', '', '1965684406985268', 2, NULL, NULL, NULL, NULL, NULL, NULL, NULL, NULL, NULL, NULL, '', '', 'A', '', '', 0, '', ''),
(85, 'Vinod Vinod', 'test21689@gmail.com', '', '', '', '', '', '3dd8bf18de685b1d20b2085a0c8d2c32', '', '', '3', '', '1965684406985268', 2, NULL, NULL, NULL, NULL, NULL, NULL, NULL, NULL, NULL, NULL, '', '', 'A', '', '', 0, '', ''),
(86, 'Vinod Vinod', 'test21689@gmail.com', '', '', '', '', '', '3dd8bf18de685b1d20b2085a0c8d2c32', '', '', '3', '', '1965684406985268', 2, NULL, NULL, NULL, NULL, NULL, NULL, NULL, NULL, NULL, NULL, '', '', 'A', '', '', 0, '', ''),
(87, 'ragul', 'ragulgandhi@pofitec.com', '+9156565656', '', '', '', '', 'e10adc3949ba59abbe56e057f20f883e', '', '', '2', '', '', 2, NULL, NULL, NULL, NULL, NULL, NULL, NULL, NULL, NULL, NULL, '', '', 'A', 'No', 'No', 0, '', ''),
(88, 'Ragul Gandhi', 'ragulaero@gmail.com', '', '', '', '', '', '', '', '', '3', '', '1604032643003108', 2, NULL, NULL, NULL, NULL, NULL, NULL, NULL, NULL, NULL, NULL, '', '', 'A', '', '', 0, '', ''),
(89, 'Ragul Gandhi', 'ragulaero@gmail.com', '', '', '', '', '', '1a004f9a49c87c32400764c42ee5a871', '', '', '3', '', '1604032643003108', 2, NULL, NULL, NULL, NULL, NULL, NULL, NULL, NULL, NULL, NULL, '', '', 'A', '', '', 0, '', ''),
(90, 'Ragul Gandhi', 'ragulaero@gmail.com', '', '', '', '', '', '1a004f9a49c87c32400764c42ee5a871', '', '', '3', '', '1604032643003108', 2, NULL, NULL, NULL, NULL, NULL, NULL, NULL, NULL, NULL, NULL, '', '', 'A', '', '', 0, '', ''),
(91, 'Vinod Vinod', 'test21689@gmail.com', '', '', '', '', '', '3dd8bf18de685b1d20b2085a0c8d2c32', '', '', '3', '', '1965684406985268', 2, NULL, NULL, NULL, NULL, NULL, NULL, NULL, NULL, NULL, NULL, '', '', 'A', '', '', 0, '', ''),
(92, 'Vinod Vinod', 'test21689@gmail.com', '', '', '', '', '', '3dd8bf18de685b1d20b2085a0c8d2c32', '', '', '3', '', '1965684406985268', 2, NULL, NULL, NULL, NULL, NULL, NULL, NULL, NULL, NULL, NULL, '', '', 'A', '', '', 0, '', ''),
(93, 'Vinod Vinod', 'test21689@gmail.com', '', '', '', '', '', '3dd8bf18de685b1d20b2085a0c8d2c32', '', '', '3', '', '1965684406985268', 2, NULL, NULL, NULL, NULL, NULL, NULL, NULL, NULL, NULL, NULL, '', '', 'A', '', '', 0, '', ''),
(94, 'Vinod Vinod', 'test21689@gmail.com', '', '', '', '', '', '3dd8bf18de685b1d20b2085a0c8d2c32', '', '', '3', '', '1965684406985268', 2, NULL, NULL, NULL, NULL, NULL, NULL, NULL, NULL, NULL, NULL, '', '', 'A', '', '', 0, '', ''),
(95, 'Vinod Vinod', 'test21689@gmail.com', '', '', '', '', '', '3dd8bf18de685b1d20b2085a0c8d2c32', '', '', '3', '', '1965684406985268', 2, NULL, NULL, NULL, NULL, NULL, NULL, NULL, NULL, NULL, NULL, '', '', 'A', '', '', 0, '', ''),
(96, 'ragul', 'ragulgandhi@pofitec.com', '+9165656565656', '', '', '', '', 'e10adc3949ba59abbe56e057f20f883e', '', '', '2', '', '', 1, NULL, NULL, NULL, NULL, NULL, NULL, NULL, NULL, NULL, NULL, '', '', 'A', 'No', 'No', 0, '', ''),
(97, 'Vinod Vinod', 'test21689@gmail.com', '', '', '', '', '', '3dd8bf18de685b1d20b2085a0c8d2c32', '', '', '3', '', '1965684406985268', 2, NULL, NULL, NULL, NULL, NULL, NULL, NULL, NULL, NULL, NULL, '', '', 'A', '', '', 0, '', ''),
(98, 'Ragul Gandhi', 'ragulaero@gmail.com', '', '', '', '', '', '1a004f9a49c87c32400764c42ee5a871', '', '', '3', '', '1604032643003108', 1, NULL, NULL, NULL, NULL, NULL, NULL, NULL, NULL, NULL, NULL, '', '', 'A', '', '', 0, '', ''),
(99, 'Vinod Vinod', 'test21689@gmail.com', '', '', '', '', '', '3dd8bf18de685b1d20b2085a0c8d2c32', '', '', '3', '', '1965684406985268', 2, NULL, NULL, NULL, NULL, NULL, NULL, NULL, NULL, NULL, NULL, '', '', 'A', '', '', 0, '', '');

-- --------------------------------------------------------

--
-- Table structure for table `tb_delivery_member`
--

CREATE TABLE `tb_delivery_member` (
  `delivery_person_id` int(10) NOT NULL,
  `vendor_id` int(10) NOT NULL,
  `delivery_name` varchar(255) NOT NULL,
  `delivery_email` text NOT NULL,
  `delivery_mobile_no` varchar(255) NOT NULL,
  `delivery_user_name` varchar(255) NOT NULL,
  `delivery_password` varchar(255) NOT NULL,
  `delivery_confirm_password` varchar(255) NOT NULL,
  `photos` text NOT NULL,
  `delivery_person_status` int(10) NOT NULL COMMENT '0-block,1-un-block,2-Delete'
) ENGINE=InnoDB DEFAULT CHARSET=latin1;

--
-- Dumping data for table `tb_delivery_member`
--

INSERT INTO `tb_delivery_member` (`delivery_person_id`, `vendor_id`, `delivery_name`, `delivery_email`, `delivery_mobile_no`, `delivery_user_name`, `delivery_password`, `delivery_confirm_password`, `photos`, `delivery_person_status`) VALUES
(7, 10, 'Gokul', 'kailashkumar.r@pofitec.com', '9876543210', 'gokulkumar dd sds', 'e10adc3949ba59abbe56e057f20f883e', 'e10adc3949ba59abbe56e057f20f883e', 'delivery_7.jpg', 1),
(8, 10, 'test', 'test@gmail.com', '9876543210', '', 'a3590023df66ac92ae35e3316026d17d', '', '', 1),
(9, 10, 'test', 'test1@gmail.com', '9876543210', '', 'e10adc3949ba59abbe56e057f20f883e', '', 'delivery_9.jpg', 1),
(10, 1, 'sdfdsf', 'test21689@gmail.com', '9876543210', '', 'ac6a06cc44d5180a1c243a2a541b10b0', '', '', 2),
(11, 1, 'tet', 'test21689@gmail.com', '9887456210', '', 'e10adc3949ba59abbe56e057f20f883e', '', 'delivery_11.jpg', 1),
(12, 2, 'test', 'testspikz@gmail.com', '1234567890', '', 'a93680ed2b6d13428b66022c3c18e8b5', '', 'delivery_12.jpg', 1),
(13, 12, 'sdf', 'dsfdsfds@gmail.com', '9797997543', 'sdf', 'e10adc3949ba59abbe56e057f20f883e', '536f868c09cfbc81399401da424e42e6', '', 1),
(14, 12, 'DSFDSF', 'dsfdsfdsS@gmail.com', '9764646131', 'DSFDSF', 'e10adc3949ba59abbe56e057f20f883e', 'e10adc3949ba59abbe56e057f20f883e', 'delivery_14.jpg', 2),
(15, 0, 'vinod', 'sdfds@gmail.com', '9876543210', '', 'a3f0bec59cebeb60553ec80bbfd5dfdf', '', '', 1),
(16, 10, 'saravanan', 'sara@gmail.com', '1234567890', 'saravanan', 'e10adc3949ba59abbe56e057f20f883e', 'e10adc3949ba59abbe56e057f20f883e', '', 2),
(17, 12, 'test', 'dsfdsfdsS@gmail.com', '9876543210', '', '92251e8665e19be62c86ff039528e16e', '', '', 1),
(18, 10, 'saravanan', 'sara@gmail.com', '1234567890', 'saravanan', 'e10adc3949ba59abbe56e057f20f883e', 'e10adc3949ba59abbe56e057f20f883e', '', 2),
(19, 10, 'sdfs', 'dsfdsfddsS@gmail.com', '9876543210', '', '92251e8665e19be62c86ff039528e16e', '', 'delivery_19.jpg', 1),
(20, 11, 'sdfsd', 'vinodbabu@pofitec.com', '9876543210', '', 'e10adc3949ba59abbe56e057f20f883e', '', '', 1),
(21, 10, 'saravanan', 'sara@gmail.com', '1234567890', 'saravanan', 'e10adc3949ba59abbe56e057f20f883e', 'e10adc3949ba59abbe56e057f20f883e', '', 0),
(22, 10, 'kannan', 'kannan@gmail.com', '1234567890', 'kannan', 'e10adc3949ba59abbe56e057f20f883e', 'e10adc3949ba59abbe56e057f20f883e', 'delivery_22.jpg', 0),
(23, 10, 'raguvaran', 'raguvaran@gmail.com', '1234567890', 'raguvaran', 'e10adc3949ba59abbe56e057f20f883e', 'e10adc3949ba59abbe56e057f20f883e', '', 2),
(24, 10, 'raguvaran', 'raguvaran@gmail.com', '1234567890', 'raguvaran', 'e10adc3949ba59abbe56e057f20f883e', 'e10adc3949ba59abbe56e057f20f883e', '', 2),
(25, 10, 'raguvaran', 'raguvaran@gmail.com', '1234567890', 'raguvaran', 'e10adc3949ba59abbe56e057f20f883e', 'e10adc3949ba59abbe56e057f20f883e', '', 0),
(26, 10, 'rg', 'ragulaero@gmail.com', '9898989898', '', '5417ec3b5ef192a9dae7a4d6ac69ec38', '', '', 1),
(27, 10, 'tr', '123@gmail.com', '9944349002', 'tr', '47bce5c74f589f4867dbd57e9ca9f808', '', '', 1),
(28, 10, 'tetst et', 'TET@gmail.ocm', '9876543210', 'tetst et', 'a3f0bec59cebeb60553ec80bbfd5dfdf', '', 'delivery_28.png', 1);

-- --------------------------------------------------------

--
-- Table structure for table `tb_delivery_slot`
--

CREATE TABLE `tb_delivery_slot` (
  `slot_id` int(10) NOT NULL,
  `slot_restaurant_id` int(10) NOT NULL,
  `slot_vendor_id` int(10) NOT NULL,
  `slot_allocation` text NOT NULL,
  `slot_status` int(10) NOT NULL
) ENGINE=InnoDB DEFAULT CHARSET=latin1;

--
-- Dumping data for table `tb_delivery_slot`
--

INSERT INTO `tb_delivery_slot` (`slot_id`, `slot_restaurant_id`, `slot_vendor_id`, `slot_allocation`, `slot_status`) VALUES
(1, 16, 12, '00.00 AM', 0),
(2, 16, 12, '01.00 AM', 0),
(3, 16, 12, '02.00 AM', 1),
(4, 12, 10, '01.00 AM', 0),
(5, 12, 10, '02.00 AM', 1),
(6, 16, 12, '12.00 PM', 1),
(7, 16, 12, '13.00 PM', 1),
(8, 16, 12, '14.00 PM', 0),
(9, 12, 10, '04.00 AM', 1),
(10, 16, 12, '15.00 PM', 0);

-- --------------------------------------------------------

--
-- Table structure for table `tb_image_size_settings`
--

CREATE TABLE `tb_image_size_settings` (
  `id` int(11) NOT NULL,
  `banner_width` int(11) NOT NULL,
  `banner_height` int(11) NOT NULL,
  `left_ad_width` int(11) NOT NULL,
  `left_ad_height` int(11) NOT NULL,
  `center_ad_width` int(11) NOT NULL,
  `center_ad_height` int(11) NOT NULL,
  `restaurant_width` int(11) NOT NULL,
  `restaurant_height` int(11) NOT NULL,
  `item_width` int(11) NOT NULL,
  `item_height` int(11) NOT NULL,
  `table_width` int(11) NOT NULL,
  `table_height` int(11) NOT NULL
) ENGINE=InnoDB DEFAULT CHARSET=latin1;

--
-- Dumping data for table `tb_image_size_settings`
--

INSERT INTO `tb_image_size_settings` (`id`, `banner_width`, `banner_height`, `left_ad_width`, `left_ad_height`, `center_ad_width`, `center_ad_height`, `restaurant_width`, `restaurant_height`, `item_width`, `item_height`, `table_width`, `table_height`) VALUES
(1, 1500, 600, 300, 500, 645, 430, 210, 140, 320, 214, 185, 150);

-- --------------------------------------------------------

--
-- Table structure for table `tb_item`
--

CREATE TABLE `tb_item` (
  `item_id` int(10) NOT NULL,
  `item_restaurant_id` int(10) DEFAULT NULL,
  `item_title_en` text,
  `item_title_ar` text CHARACTER SET utf8,
  `item_description_en` text,
  `item_description_ar` text CHARACTER SET utf8,
  `item_photo` text,
  `item_currency_code` text,
  `item_price` text,
  `item_tax` varchar(255) NOT NULL,
  `item_tax_available` enum('NO','YES') NOT NULL,
  `item_category_id` int(10) DEFAULT NULL,
  `had_choices` enum('Yes','No') NOT NULL DEFAULT 'No',
  `item_featured` enum('0','1') NOT NULL COMMENT '0-unfeatured,1-featured',
  `item_status` int(10) NOT NULL COMMENT '0-block,1-un-block,2-Delete',
  `item_created_id` int(11) NOT NULL,
  `item_rating_total` bigint(20) NOT NULL,
  `item_rating_average` double NOT NULL,
  `item_rating_users_count` bigint(20) NOT NULL,
  `item_quantity` int(11) NOT NULL
) ENGINE=InnoDB DEFAULT CHARSET=latin1;

--
-- Dumping data for table `tb_item`
--

INSERT INTO `tb_item` (`item_id`, `item_restaurant_id`, `item_title_en`, `item_title_ar`, `item_description_en`, `item_description_ar`, `item_photo`, `item_currency_code`, `item_price`, `item_tax`, `item_tax_available`, `item_category_id`, `had_choices`, `item_featured`, `item_status`, `item_created_id`, `item_rating_total`, `item_rating_average`, `item_rating_users_count`, `item_quantity`) VALUES
(50, 12, 'Biryani', 'Biryani', 'best', 'best', 'Item_50.jpg', 'USD', '100', '{"gst":"5","sst":"5"}', 'YES', 2, 'No', '0', 1, 0, 5, 5, 1, 0),
(51, 12, 'Dosa', 'Dosa', 'best', 'best', 'Item_51.jpg', 'USD', '150', '{"gst":"10","sst":"10"}', 'YES', 1, 'No', '0', 1, 0, 11, 3.67, 3, 0),
(52, 13, 'Chicken Tikka masala', 'Chicken Tikka masala', 'best', 'best', 'Item_52.jpg', 'USD', '50', '{"gst":"5"}', 'YES', 3, 'No', '0', 1, 0, 0, 0, 0, 0),
(53, 0, 'sdfdsf', 'sdf dsfdsf', '', '', '', 'Currency Code', '1', '[]', 'NO', 0, 'No', '0', 0, 0, 0, 0, 0, 0),
(54, 9, 'sdf dsfds ', 'sd fsdfds f', 'sdf dsf', 'sdfdsf ', '', 'USD', '2', '[]', 'NO', 2, 'Yes', '0', 1, 0, 3, 3, 1, 0),
(55, 9, 'sdf dsfdsads ', 'sd fsdfds fasd as', 'sdf dsf', 'sdfdsf ', '', 'USD', '3', '[]', 'NO', 2, 'Yes', '0', 1, 0, 0, 0, 0, 0),
(56, 9, 'sdf dsfdsads ds fdsf', 'ds fds fds fds', ' fdsf dsf dsf', 'ds fds fdsf ds', '', 'USD', '4', '[]', 'NO', 1, 'Yes', '0', 1, 0, 0, 0, 0, 0),
(57, 9, 'dfg dg', 'df gdf', 'g dfg dfg df', 'df gdf gdfg df', 'Item__57.jpg', 'USD', '12', '{"sdfg dfg":"99","f dasfdsfdsafsa 32":"98"}', 'NO', 1, 'Yes', '1', 1, 0, 0, 0, 0, 0),
(58, 12, 'ccccccc', 'xcxcxc', 'cxcxcxc', 'xcxcxc', 'Item_58.jpg', 'USD', '10', '[]', 'NO', 0, 'No', '0', 0, 10, 0, 0, 0, 0),
(59, 12, 'test item', 'test item', 'test item', 'test item', 'Item_59.jpg', 'USD', '5', '[]', 'NO', 3, 'No', '0', 1, 10, 8, 4, 2, 0),
(60, 17, 'Veg Meals', 'Veg Meals', 'Veg Meals', 'Veg Meals', 'Item_60.jpg', 'USD', '5', '[]', 'NO', 1, 'No', '1', 1, 18, 0, 0, 0, 0),
(61, 11, 'eteast a', 'sd dsf s', ' dsfds fdsf', ' sfds fds fds ', '', 'USD', '123', '[]', 'NO', 2, 'No', '0', 1, 0, 0, 0, 0, 0),
(62, 11, 'test with choice1', 'test with choice1', 'test with choice1', 'test with choice1', 'Item__62.jpg', 'USD', '12', '[]', 'NO', 3, 'Yes', '0', 1, 0, 0, 0, 0, 0),
(63, 12, 'test vendor ', 'test vendor ', ' test vendor ', 'test vendor ', NULL, 'USD', '123', '[]', 'NO', 2, 'Yes', '1', 1, 10, 0, 0, 0, 0),
(64, 12, 'New item', 'New item', 'New item', 'New item', 'Item_64.jpg', 'USD', '10', '[]', 'NO', 1, 'No', '1', 1, 10, 15, 2.5, 6, 0),
(65, 12, 'ragul test', 'ragul test', 'ragul test', 'ragul test', 'Item_65.jpg', 'USD', '250.00', '[]', 'NO', 2, 'Yes', '1', 1, 0, 0, 0, 0, 0),
(66, 10, 'ttttttttttt', 'ttttttttttt', 'ttttttttttt', 'ttttttttttt', NULL, 'USD', '45.00', '[]', 'NO', 1, 'Yes', '0', 1, 0, 0, 0, 0, 0),
(67, 9, 'test with choice2', 'test with choice2', 'test with choice2', 'test with choice2', NULL, 'USD', '1', '{"GST":"10"}', 'YES', 1, 'Yes', '0', 1, 1, 0, 0, 0, 0),
(68, 9, 'test with choice3', 'test with choice3', 'test with choice3', 'test with choice3', NULL, 'USD', '2', '{"GST":"2","SGST":"3"}', 'YES', 4, 'Yes', '1', 1, 1, 0, 0, 0, 0),
(69, 17, 'veg pulaw', 'sample items', ' Many desktop publishing packages and web page editors now use Lorem Ipsum as their default model text, and a search for ''lorem ipsum'' will uncover many web sites still in their infancy. Various versions have evolved over the years, sometimes by accident, sometimes on purpose (injected humour and the like).\r\n\r\n', ' Many desktop publishing packages and web page editors now use Lorem Ipsum as their default model text, and a search for ''lorem ipsum'' will uncover many web sites still in their infancy. Various versions have evolved over the years, sometimes by accident, sometimes on purpose (injected humour and the like).\r\n\r\n', NULL, 'USD', '56', '[]', 'NO', 2, 'Yes', '0', 1, 0, 0, 0, 0, 0);

-- --------------------------------------------------------

--
-- Table structure for table `tb_item_choice_add`
--

CREATE TABLE `tb_item_choice_add` (
  `item_choice_id` int(10) NOT NULL,
  `item_main_id` int(10) NOT NULL,
  `item_main_choices_id` int(10) NOT NULL,
  `main_choice_id` int(11) NOT NULL,
  `item_choices_currency_code` text,
  `item_choices_price` varchar(255) NOT NULL,
  `item_choices_status` int(10) NOT NULL COMMENT '0-block,1-un-block,2-Delete'
) ENGINE=InnoDB DEFAULT CHARSET=latin1;

--
-- Dumping data for table `tb_item_choice_add`
--

INSERT INTO `tb_item_choice_add` (`item_choice_id`, `item_main_id`, `item_main_choices_id`, `main_choice_id`, `item_choices_currency_code`, `item_choices_price`, `item_choices_status`) VALUES
(1, 1, 10, 0, 'USD', '20', 1),
(2, 2, 6, 0, '', '44', 0),
(3, 3, 3, 0, 'USD', '12', 2),
(4, 4, 3, 0, 'USD', '12', 2),
(5, 5, 4, 0, 'USD', '', 2),
(6, 6, 4, 0, 'USD', '4', 2),
(7, 7, 4, 0, 'USD', '4', 2),
(8, 12, 4, 0, 'USD', '1', 2),
(9, 13, 6, 0, 'Currency Code', '', 0),
(10, 54, 4, 0, 'USD', '5dsfd sfs', 0),
(11, 54, 6, 0, 'USD', 'sdfds ', 0),
(12, 54, 7, 0, 'USD', 'sdf dsf', 0),
(13, 56, 4, 0, 'USD', '', 0),
(14, 56, 3, 0, 'USD', '', 0),
(15, 56, 7, 0, 'USD', '', 0),
(16, 57, 4, 0, 'USD', '', 1),
(17, 57, 3, 0, 'USD', '', 1),
(18, 57, 8, 0, 'USD', '', 1),
(19, 62, 4, 0, 'USD', '11', 1),
(20, 62, 3, 0, 'USD', '22', 1),
(21, 62, 8, 0, 'USD', '33', 1),
(22, 62, 18, 0, 'USD', '44', 1),
(23, 63, 4, 0, 'USD', '1', 1),
(24, 65, 5, 0, 'USD', '46', 1),
(25, 66, 6, 0, 'USD', '0', 0),
(26, 67, 8, 12, 'USD', '1', 1),
(27, 68, 6, 1, 'USD', '1', 1),
(28, 68, 3, 2, 'USD', '2', 1),
(29, 68, 5, 2, 'USD', '3', 1),
(30, 68, 8, 12, 'USD', '4', 1),
(31, 68, 7, 12, 'USD', '5', 1),
(32, 68, 18, 14, 'USD', '6', 1);

-- --------------------------------------------------------

--
-- Table structure for table `tb_language`
--

CREATE TABLE `tb_language` (
  `id` int(10) NOT NULL,
  `lang_name` varchar(255) NOT NULL,
  `lang_perfix` varchar(255) NOT NULL,
  `lang_code` varchar(255) NOT NULL,
  `lang_status` int(10) NOT NULL DEFAULT '1' COMMENT '0-block,1-un-block',
  `default_lang` varchar(255) NOT NULL
) ENGINE=InnoDB DEFAULT CHARSET=latin1;

--
-- Dumping data for table `tb_language`
--

INSERT INTO `tb_language` (`id`, `lang_name`, `lang_perfix`, `lang_code`, `lang_status`, `default_lang`) VALUES
(1, 'English', 'English', 'en', 1, 'Default'),
(2, 'Arabic', 'Arabic', 'ar', 1, ''),
(3, 'dsf ds', 'dsf ds', 'dsf', 2, '');

-- --------------------------------------------------------

--
-- Table structure for table `tb_location`
--

CREATE TABLE `tb_location` (
  `location_id` int(11) NOT NULL,
  `location_name_en` varchar(256) NOT NULL,
  `location_name_ar` varchar(256) CHARACTER SET utf8 NOT NULL,
  `location_status` int(1) NOT NULL COMMENT '0-block,1-Unblock,2-delete',
  `location_country_id` int(11) NOT NULL,
  `location_city_id` int(11) NOT NULL
) ENGINE=InnoDB DEFAULT CHARSET=latin1;

--
-- Dumping data for table `tb_location`
--

INSERT INTO `tb_location` (`location_id`, `location_name_en`, `location_name_ar`, `location_status`, `location_country_id`, `location_city_id`) VALUES
(1, 'ram nagar', 'رام النجار', 1, 1, 1),
(2, 'rgdf', 'dfgdf g', 1, 1, 2),
(3, 'rgdf', 'dfgdf g', 1, 1, 2),
(4, 'rgdf', 'dfgdf g', 1, 1, 2),
(5, ' dsf sd', ' s dfds fs', 2, 1, 2),
(6, 'gandhi puram', 'gandhi puram', 1, 1, 1),
(7, 'gandhi puram', 'gandhi puram', 1, 5, 4),
(8, 'gandhi puram', 'gandhi puram', 1, 1, 2),
(9, 'gandhi puram', 'gandhi puram', 1, 5, 3),
(10, 'gandhi puram', 'gandhi puram', 1, 3, 6),
(11, 'gandhi puram', 'gandhi puram', 1, 1, 11),
(12, 'gandhi puram', 'gandhi puram', 1, 1, 10),
(13, 'j j nagar', 'j j nagar', 1, 1, 2),
(14, 'j j nagar', 'j j nagar', 1, 3, 9),
(15, 'j j nagar', 'j j nagar', 1, 5, 3),
(16, 'j j nagar', 'j j nagar', 1, 3, 8),
(17, 'j j nagar', 'j j nagar', 1, 3, 5),
(18, 'park place', 'park place', 1, 1, 11),
(19, 'park place', 'park place', 1, 3, 6);

-- --------------------------------------------------------

--
-- Table structure for table `tb_newsletter`
--

CREATE TABLE `tb_newsletter` (
  `newsletter_id` int(11) NOT NULL,
  `newsletter_title` text NOT NULL,
  `newsletter_description` text NOT NULL
) ENGINE=InnoDB DEFAULT CHARSET=latin1;

--
-- Dumping data for table `tb_newsletter`
--

INSERT INTO `tb_newsletter` (`newsletter_id`, `newsletter_title`, `newsletter_description`) VALUES
(1, 'Registration Form', '<!DOCTYPE html PUBLIC "-//W3C//DTD XHTML 1.0 Strict//EN" "http://www.w3.org/TR/xhtml1/DTD/xhtml1-strict.dtd">\r\n	<html xmlns="http://www.w3.org/1999/xhtml">\r\n	<head>\r\n		<meta http-equiv="Content-Type" content="text/html; charset=UTF-8" />\r\n		<meta name="viewport" content="width=device-width, initial-scale=1.0">\r\n		<meta http-equiv="X-UA-Compatible" content="IE=edge,chrome=1">\r\n		<meta name="format-detection" content="telephone=no" /> <!-- disable auto telephone linking in iOS -->\r\n		<title>Forgot Mail</title>\r\n		<style type="text/css">\r\n			/* RESET STYLES */\r\n			html { background-color:#E1E1E1; margin:0; padding:0; }\r\n			body, #bodyTable, #bodyCell, #bodyCell{height:100% !important; margin:0; padding:0; width:100% !important;font-family:Helvetica, Arial, "Lucida Grande", sans-serif;}\r\n			table{border-collapse:collapse;}\r\n			table[id=bodyTable] {width:100%!important;margin:auto;max-width:500px!important;color:#7A7A7A;font-weight:normal;}\r\n			img, a img{border:0; outline:none; text-decoration:none;height:auto; line-height:100%;}\r\n			a {text-decoration:none !important;border-bottom: 1px solid;color:#ffffff;}\r\n			h1, h2, h3,h5, h6{color:#5F5F5F; font-weight:normal; font-family:Helvetica; font-size:20px; line-height:125%; text-align:Left; letter-spacing:normal;margin-top:0;margin-right:0;margin-bottom:10px;margin-left:0;padding-top:0;padding-bottom:0;padding-left:0;padding-right:0;}\r\n			h4{font-size: 18px;}\r\n			.ii a[href] {\r\n    color: #ffffff;\r\n}\r\n			/* CLIENT-SPECIFIC STYLES */\r\n			.ReadMsgBody{width:100%;} .ExternalClass{width:100%;} /* Force Hotmail/Outlook.com to display emails at full width. */\r\n			.ExternalClass, .ExternalClass p, .ExternalClass span, .ExternalClass font, .ExternalClass td, .ExternalClass div{line-height:100%;} /* Force Hotmail/Outlook.com to display line heights normally. */\r\n			table, td{mso-table-lspace:0pt; mso-table-rspace:0pt;} /* Remove spacing between tables in Outlook 2007 and up. */\r\n			#outlook a{padding:0;} /* Force Outlook 2007 and up to provide a "view in browser" message. */\r\n			img{-ms-interpolation-mode: bicubic;display:block;outline:none; text-decoration:none;} /* Force IE to smoothly render resized images. */\r\n			body, table, td, p, a, li, blockquote{-ms-text-size-adjust:100%; -webkit-text-size-adjust:100%; font-weight:normal!important;} /* Prevent Windows- and Webkit-based mobile platforms from changing declared text sizes. */\r\n			.ExternalClass td[class="ecxflexibleContainerBox"] h3 {padding-top: 10px !important;} /* Force hotmail to push 2-grid sub headers down */\r\n			td a{color:#ffffff; text-decoration: none;}\r\n			/* /\\/\\/\\/\\/\\/\\/\\/\\/ TEMPLATE STYLES /\\/\\/\\/\\/\\/\\/\\/\\/ */\r\n\r\n			/* ========== Page Styles ========== */\r\n			\r\n			.flexibleImage{height:auto;}\r\n			.linkRemoveBorder{border-bottom:0 !important;}\r\n			table[class=flexibleContainerCellDivider] {padding-bottom:0 !important;padding-top:0 !important;}\r\n\r\n			body, #bodyTable{background-color:#E1E1E1;}\r\n			#emailHeader{background-color:#E1E1E1;}\r\n			#emailBody{background-color:#FFFFFF;}\r\n			#emailFooter{background-color:#E1E1E1;}\r\n			.nestedContainer{background-color:#F8F8F8; border:1px solid #CCCCCC;}\r\n			.emailButton{background-color:#205478; border-collapse:separate;}\r\n			.buttonContent{color:#FFFFFF; font-family:Helvetica; font-size:18px; font-weight:bold; line-height:100%; padding:15px; text-align:center;}\r\n			.buttonContent a{color:#FFFFFF; display:block; text-decoration:none!important; border:0!important;}\r\n			.emailCalendar{background-color:#FFFFFF; border:1px solid #CCCCCC;}\r\n			.emailCalendarMonth{background-color:#205478; color:#FFFFFF; font-family:Helvetica, Arial, sans-serif; font-size:16px; font-weight:bold; padding-top:10px; padding-bottom:10px; text-align:center;}\r\n			.emailCalendarDay{color:#205478; font-family:Helvetica, Arial, sans-serif; font-size:60px; font-weight:bold; line-height:100%; padding-top:20px; padding-bottom:20px; text-align:center;}\r\n			.imageContentText {margin-top: 10px;line-height:0;}\r\n			.imageContentText a {line-height:0;}\r\n			#invisibleIntroduction {display:none !important;} /* Removing the introduction text from the view */\r\n\r\n			/*FRAMEWORK HACKS & OVERRIDES */\r\n			span[class=ios-color-hack] a {color:#275100!important;text-decoration:none!important;} /* Remove all link colors in IOS (below are duplicates based on the color preference) */\r\n			span[class=ios-color-hack2] a {color:#205478!important;text-decoration:none!important;}\r\n			span[class=ios-color-hack3] a {color:#8B8B8B!important;text-decoration:none!important;}\r\n		\r\n			.a[href^="tel"], a[href^="sms"] {text-decoration:none!important;color:#606060!important;pointer-events:none!important;cursor:default!important;}\r\n			.mobile_link a[href^="tel"], .mobile_link a[href^="sms"] {text-decoration:none!important;color:#606060!important;pointer-events:auto!important;cursor:default!important;}\r\n\r\n\r\n			/* MOBILE STYLES */\r\n			@media only screen and (max-width: 480px){\r\n				/*////// CLIENT-SPECIFIC STYLES //////*/\r\n				body{width:100% !important; min-width:100% !important;} /* Force iOS Mail to render the email at full width. */\r\n\r\n				table[id="emailHeader"],\r\n				table[id="emailBody"],\r\n				table[id="emailFooter"],\r\n				table[class="flexibleContainer"],\r\n				td[class="flexibleContainerCell"] {width:100% !important;}\r\n				td[class="flexibleContainerBox"], td[class="flexibleContainerBox"] table {display: block;width: 100%;text-align: left;}\r\n		\r\n				td[class="imageContent"] img {height:auto !important; width:100% !important; max-width:100% !important; }\r\n				img[class="flexibleImage"]{height:auto !important; width:100% !important;max-width:100% !important;}\r\n				img[class="flexibleImageSmall"]{height:auto !important; width:auto !important;}\r\n\r\n\r\n				/*\r\n				Create top space for every second element in a block\r\n				*/\r\n				table[class="flexibleContainerBoxNext"]{padding-top: 10px !important;}\r\n\r\n			\r\n				table[class="emailButton"]{width:100% !important;}\r\n				td[class="buttonContent"]{padding:0 !important;}\r\n				td[class="buttonContent"] a{padding:15px !important;}\r\n\r\n			}\r\n\r\n\r\n			@media only screen and (-webkit-device-pixel-ratio:.75){\r\n				/* Put CSS for low density (ldpi) Android layouts in here */\r\n			}\r\n\r\n			@media only screen and (-webkit-device-pixel-ratio:1){\r\n				/* Put CSS for medium density (mdpi) Android layouts in here */\r\n			}\r\n\r\n			@media only screen and (-webkit-device-pixel-ratio:1.5){\r\n				/* Put CSS for high density (hdpi) Android layouts in here */\r\n			}\r\n			/* end Android targeting */\r\n\r\n			/* CONDITIONS FOR IOS DEVICES ONLY\r\n			=====================================================*/\r\n			@media only screen and (min-device-width : 320px) and (max-device-width:568px) {\r\n\r\n			}\r\n			/* end IOS targeting */\r\n		</style>\r\n\r\n	</head>\r\n	<body bgcolor="#E1E1E1" leftmargin="0" marginwidth="0" topmargin="0" marginheight="0" offset="0">\r\n\r\n\r\n		<center style="background-color:#E1E1E1;">\r\n			<table border="0" cellpadding="0" cellspacing="0" height="100%" width="100%" id="bodyTable" style="table-layout: fixed;max-width:100% !important;width: 100% !important;min-width: 100% !important; padding: 20px 0px; padding: 20px 0px;">\r\n				<tr>\r\n					<td align="center" valign="top" id="bodyCell">\r\n\r\n						<table bgcolor="#FFFFFF"  border="0" cellpadding="0" cellspacing="0" width="800" id="emailBody">\r\n\r\n					\r\n							<tr>\r\n								<td align="center" valign="top">\r\n								\r\n									<table border="0" cellpadding="0" cellspacing="0" width="100%" style="color:#FFFFFF;" bgcolor="#c51700">\r\n										<tr>\r\n											<td align="center" valign="top">\r\n											\r\n												<table border="0" cellpadding="0" cellspacing="0" width="750" class="flexibleContainer">\r\n													<tr>\r\n														<td align="center" valign="top" width="500" class="flexibleContainerCell">\r\n\r\n													\r\n															<table border="0" cellpadding="10" cellspacing="0" width="100%">\r\n																<tr>\r\n																	<td align="center" valign="top" class="textContent" colspan="2">\r\n <img src="<?php echo URL::to(''/''); ?>/public/images/logo/Logo_<?php echo Session::get(''front_lang_code''); ?>.png" alt="Logo">\r\n																	<h2 style="text-align:center;font-weight:normal;font-family:Helvetica,Arial,sans-serif;font-size:20px;margin-bottom:10px;color:#ffffff;line-height:135%;"> Sub Admin Details</h2>\r\n										\r\n																	</td>\r\n											 <tr><td>Name </td> <td>{{$sub_admin_name}}</td></tr>\r\n		<tr><td>Email ID</td><td>{{$sub_admin_email}}</td></tr>\r\n		<tr><td>Mobile No</td> <td>{{$sub_admin_mobile_no}}</td></tr>\r\n<tr><td>Password </td> <td>{{$password}}</td></tr>\r\n\r\n															</table>\r\n															<!-- // CONTENT TABLE -->\r\n\r\n														</td>\r\n													</tr>\r\n												</table>\r\n												<!-- // FLEXIBLE CONTAINER -->\r\n											</td>\r\n										</tr>\r\n									</table>\r\n									<!-- // CENTERING TABLE -->\r\n								</td>\r\n							</tr>\r\n							<!-- // MODULE ROW -->\r\n\r\n\r\n\r\n							<!-- MODULE ROW // -->\r\n							<tr>\r\n								<td align="center" valign="top">\r\n									<!-- CENTERING TABLE // -->\r\n									<table border="0" cellpadding="0" cellspacing="0" width="100%" bgcolor="#F8F8F8">\r\n										<tr>\r\n											<td align="center" valign="top">\r\n												<!-- FLEXIBLE CONTAINER // -->\r\n												<table border="0" cellpadding="0" cellspacing="0" width="500" class="flexibleContainer">\r\n													<tr>\r\n														<td align="center" valign="top" width="500" class="flexibleContainerCell">\r\n															<table border="0" cellpadding="30" cellspacing="0" width="100%">\r\n																<tr>\r\n																	<td align="center" valign="top">\r\n\r\n																		<!-- CONTENT TABLE // -->\r\n																		<table border="0" cellpadding="0" cellspacing="0" width="100%">\r\n																			<tr>\r\n																				<td valign="top" class="textContent">\r\n																					\r\n																				\r\n																					<div mc:edit="body" style="text-align:center;\r\n																					font-weight: bold;\r\n																					font-size:20px;margin-bottom:0;color:#c51700;line-height:135%;">ThankYou !!!</div>\r\n																						\r\n																			</tr>\r\n																		</table>\r\n																		<!-- // CONTENT TABLE -->\r\n\r\n																	</td>\r\n																</tr>\r\n															</table>\r\n														</td>\r\n													</tr>\r\n												</table>\r\n												<!-- // FLEXIBLE CONTAINER -->\r\n											</td>\r\n										</tr>\r\n									</table>\r\n									<!-- // CENTERING TABLE -->\r\n								</td>\r\n							</tr>\r\n							<!-- // MODULE ROW -->\r\n\r\n							\r\n					</td>\r\n				</tr>\r\n			</table>\r\n		</center>\r\n	</body>\r\n</html>\r\n\r\n\r\n'),
(2, 'Daily Newsletter', '<!DOCTYPE html PUBLIC "-//W3C//DTD XHTML 1.0 Strict//EN" "http://www.w3.org/TR/xhtml1/DTD/xhtml1-strict.dtd">\r\n	<html xmlns="http://www.w3.org/1999/xhtml">\r\n	<head>\r\n		<meta http-equiv="Content-Type" content="text/html; charset=UTF-8" />\r\n		<meta name="viewport" content="width=device-width, initial-scale=1.0">\r\n		<meta http-equiv="X-UA-Compatible" content="IE=edge,chrome=1">\r\n		<meta name="format-detection" content="telephone=no" /> <!-- disable auto telephone linking in iOS -->\r\n		<title>Forgot Mail</title>\r\n		<style type="text/css">\r\n			/* RESET STYLES */\r\n			html { background-color:#E1E1E1; margin:0; padding:0; }\r\n			body, #bodyTable, #bodyCell, #bodyCell{height:100% !important; margin:0; padding:0; width:100% !important;font-family:Helvetica, Arial, "Lucida Grande", sans-serif;}\r\n			table{border-collapse:collapse;}\r\n			table[id=bodyTable] {width:100%!important;margin:auto;max-width:500px!important;color:#7A7A7A;font-weight:normal;}\r\n			img, a img{border:0; outline:none; text-decoration:none;height:auto; line-height:100%;}\r\n			a {text-decoration:none !important;border-bottom: 1px solid;color:#ffffff;}\r\n			h1, h2, h3,h5, h6{color:#5F5F5F; font-weight:normal; font-family:Helvetica; font-size:20px; line-height:125%; text-align:Left; letter-spacing:normal;margin-top:0;margin-right:0;margin-bottom:10px;margin-left:0;padding-top:0;padding-bottom:0;padding-left:0;padding-right:0;}\r\n			h4{font-size: 18px;}\r\n			.ii a[href] {\r\n    color: #ffffff;\r\n}\r\n			/* CLIENT-SPECIFIC STYLES */\r\n			.ReadMsgBody{width:100%;} .ExternalClass{width:100%;} /* Force Hotmail/Outlook.com to display emails at full width. */\r\n			.ExternalClass, .ExternalClass p, .ExternalClass span, .ExternalClass font, .ExternalClass td, .ExternalClass div{line-height:100%;} /* Force Hotmail/Outlook.com to display line heights normally. */\r\n			table, td{mso-table-lspace:0pt; mso-table-rspace:0pt;} /* Remove spacing between tables in Outlook 2007 and up. */\r\n			#outlook a{padding:0;} /* Force Outlook 2007 and up to provide a "view in browser" message. */\r\n			img{-ms-interpolation-mode: bicubic;display:block;outline:none; text-decoration:none;} /* Force IE to smoothly render resized images. */\r\n			body, table, td, p, a, li, blockquote{-ms-text-size-adjust:100%; -webkit-text-size-adjust:100%; font-weight:normal!important;} /* Prevent Windows- and Webkit-based mobile platforms from changing declared text sizes. */\r\n			.ExternalClass td[class="ecxflexibleContainerBox"] h3 {padding-top: 10px !important;} /* Force hotmail to push 2-grid sub headers down */\r\n			td a{color:#ffffff; text-decoration: none;}\r\n			/* /\\/\\/\\/\\/\\/\\/\\/\\/ TEMPLATE STYLES /\\/\\/\\/\\/\\/\\/\\/\\/ */\r\n\r\n			/* ========== Page Styles ========== */\r\n			\r\n			.flexibleImage{height:auto;}\r\n			.linkRemoveBorder{border-bottom:0 !important;}\r\n			table[class=flexibleContainerCellDivider] {padding-bottom:0 !important;padding-top:0 !important;}\r\n\r\n			body, #bodyTable{background-color:#E1E1E1;}\r\n			#emailHeader{background-color:#E1E1E1;}\r\n			#emailBody{background-color:#FFFFFF;}\r\n			#emailFooter{background-color:#E1E1E1;}\r\n			.nestedContainer{background-color:#F8F8F8; border:1px solid #CCCCCC;}\r\n			.emailButton{background-color:#205478; border-collapse:separate;}\r\n			.buttonContent{color:#FFFFFF; font-family:Helvetica; font-size:18px; font-weight:bold; line-height:100%; padding:15px; text-align:center;}\r\n			.buttonContent a{color:#FFFFFF; display:block; text-decoration:none!important; border:0!important;}\r\n			.emailCalendar{background-color:#FFFFFF; border:1px solid #CCCCCC;}\r\n			.emailCalendarMonth{background-color:#205478; color:#FFFFFF; font-family:Helvetica, Arial, sans-serif; font-size:16px; font-weight:bold; padding-top:10px; padding-bottom:10px; text-align:center;}\r\n			.emailCalendarDay{color:#205478; font-family:Helvetica, Arial, sans-serif; font-size:60px; font-weight:bold; line-height:100%; padding-top:20px; padding-bottom:20px; text-align:center;}\r\n			.imageContentText {margin-top: 10px;line-height:0;}\r\n			.imageContentText a {line-height:0;}\r\n			#invisibleIntroduction {display:none !important;} /* Removing the introduction text from the view */\r\n\r\n			/*FRAMEWORK HACKS & OVERRIDES */\r\n			span[class=ios-color-hack] a {color:#275100!important;text-decoration:none!important;} /* Remove all link colors in IOS (below are duplicates based on the color preference) */\r\n			span[class=ios-color-hack2] a {color:#205478!important;text-decoration:none!important;}\r\n			span[class=ios-color-hack3] a {color:#8B8B8B!important;text-decoration:none!important;}\r\n		\r\n			.a[href^="tel"], a[href^="sms"] {text-decoration:none!important;color:#606060!important;pointer-events:none!important;cursor:default!important;}\r\n			.mobile_link a[href^="tel"], .mobile_link a[href^="sms"] {text-decoration:none!important;color:#606060!important;pointer-events:auto!important;cursor:default!important;}\r\n\r\n\r\n			/* MOBILE STYLES */\r\n			@media only screen and (max-width: 480px){\r\n				/*////// CLIENT-SPECIFIC STYLES //////*/\r\n				body{width:100% !important; min-width:100% !important;} /* Force iOS Mail to render the email at full width. */\r\n\r\n				table[id="emailHeader"],\r\n				table[id="emailBody"],\r\n				table[id="emailFooter"],\r\n				table[class="flexibleContainer"],\r\n				td[class="flexibleContainerCell"] {width:100% !important;}\r\n				td[class="flexibleContainerBox"], td[class="flexibleContainerBox"] table {display: block;width: 100%;text-align: left;}\r\n		\r\n				td[class="imageContent"] img {height:auto !important; width:100% !important; max-width:100% !important; }\r\n				img[class="flexibleImage"]{height:auto !important; width:100% !important;max-width:100% !important;}\r\n				img[class="flexibleImageSmall"]{height:auto !important; width:auto !important;}\r\n\r\n\r\n				/*\r\n				Create top space for every second element in a block\r\n				*/\r\n				table[class="flexibleContainerBoxNext"]{padding-top: 10px !important;}\r\n\r\n			\r\n				table[class="emailButton"]{width:100% !important;}\r\n				td[class="buttonContent"]{padding:0 !important;}\r\n				td[class="buttonContent"] a{padding:15px !important;}\r\n\r\n			}\r\n\r\n\r\n			@media only screen and (-webkit-device-pixel-ratio:.75){\r\n				/* Put CSS for low density (ldpi) Android layouts in here */\r\n			}\r\n\r\n			@media only screen and (-webkit-device-pixel-ratio:1){\r\n				/* Put CSS for medium density (mdpi) Android layouts in here */\r\n			}\r\n\r\n			@media only screen and (-webkit-device-pixel-ratio:1.5){\r\n				/* Put CSS for high density (hdpi) Android layouts in here */\r\n			}\r\n			/* end Android targeting */\r\n\r\n			/* CONDITIONS FOR IOS DEVICES ONLY\r\n			=====================================================*/\r\n			@media only screen and (min-device-width : 320px) and (max-device-width:568px) {\r\n\r\n			}\r\n			/* end IOS targeting */\r\n		</style>\r\n\r\n	</head>\r\n	<body bgcolor="#E1E1E1" leftmargin="0" marginwidth="0" topmargin="0" marginheight="0" offset="0">\r\n\r\n\r\n		<center style="background-color:#E1E1E1;">\r\n			<table border="0" cellpadding="0" cellspacing="0" height="100%" width="100%" id="bodyTable" style="table-layout: fixed;max-width:100% !important;width: 100% !important;min-width: 100% !important; padding: 20px 0px; padding: 20px 0px;">\r\n				<tr>\r\n					<td align="center" valign="top" id="bodyCell">\r\n\r\n						<table bgcolor="#FFFFFF"  border="0" cellpadding="0" cellspacing="0" width="800" id="emailBody">\r\n\r\n					\r\n							<tr>\r\n								<td align="center" valign="top">\r\n								\r\n									<table border="0" cellpadding="0" cellspacing="0" width="100%" style="color:#FFFFFF;" bgcolor="#c51700">\r\n										<tr>\r\n											<td align="center" valign="top">\r\n											\r\n												<table border="0" cellpadding="0" cellspacing="0" width="750" class="flexibleContainer">\r\n													<tr>\r\n														<td align="center" valign="top" width="500" class="flexibleContainerCell">\r\n\r\n													\r\n															<table border="0" cellpadding="10" cellspacing="0" width="100%">\r\n																<tr>\r\n																	<td align="center" valign="top" class="textContent" colspan="2">\r\n <img src="<?php echo URL::to(''/''); ?>/public/images/logo/Logo_<?php echo Session::get(''front_lang_code''); ?>.png" alt="Logo">\r\n																	<h2 style="text-align:center;font-weight:normal;font-family:Helvetica,Arial,sans-serif;font-size:20px;margin-bottom:10px;color:#ffffff;line-height:135%;"> Daily Newsletter</h2>\r\n										\r\n																	</td>\r\n																</tr>\r\n											 <tr><td>Subject </td> <td>{{$subject}}</td></tr>\r\n		<tr><td>Message</td><td>{{$message}}</td></tr>\r\n\r\n															</table>\r\n															<!-- // CONTENT TABLE -->\r\n\r\n														</td>\r\n													</tr>\r\n												</table>\r\n												<!-- // FLEXIBLE CONTAINER -->\r\n											</td>\r\n										</tr>\r\n									</table>\r\n									<!-- // CENTERING TABLE -->\r\n								</td>\r\n							</tr>\r\n							<!-- // MODULE ROW -->\r\n\r\n\r\n\r\n							<!-- MODULE ROW // -->\r\n							<tr>\r\n								<td align="center" valign="top">\r\n									<!-- CENTERING TABLE // -->\r\n									<table border="0" cellpadding="0" cellspacing="0" width="100%" bgcolor="#F8F8F8">\r\n										<tr>\r\n											<td align="center" valign="top">\r\n												<!-- FLEXIBLE CONTAINER // -->\r\n												<table border="0" cellpadding="0" cellspacing="0" width="500" class="flexibleContainer">\r\n													<tr>\r\n														<td align="center" valign="top" width="500" class="flexibleContainerCell">\r\n															<table border="0" cellpadding="30" cellspacing="0" width="100%">\r\n																<tr>\r\n																	<td align="center" valign="top">\r\n\r\n																		<!-- CONTENT TABLE // -->\r\n																		<table border="0" cellpadding="0" cellspacing="0" width="100%">\r\n																			<tr>\r\n																				<td valign="top" class="textContent">\r\n																					\r\n																				\r\n																					<div mc:edit="body" style="text-align:center;\r\n																					font-weight: bold;\r\n																					font-size:20px;margin-bottom:0;color:#c51700;line-height:135%;">ThankYou !!!</div>\r\n																						\r\n																			</tr>\r\n																		</table>\r\n																		<!-- // CONTENT TABLE -->\r\n\r\n																	</td>\r\n																</tr>\r\n															</table>\r\n														</td>\r\n													</tr>\r\n												</table>\r\n												<!-- // FLEXIBLE CONTAINER -->\r\n											</td>\r\n										</tr>\r\n									</table>\r\n									<!-- // CENTERING TABLE -->\r\n								</td>\r\n							</tr>\r\n							<!-- // MODULE ROW -->\r\n\r\n							\r\n					</td>\r\n				</tr>\r\n			</table>\r\n		</center>\r\n	</body>\r\n</html>\r\n\r\n\r\n'),
(3, 'Customer Registration', '<!DOCTYPE html PUBLIC "-//W3C//DTD XHTML 1.0 Strict//EN" "http://www.w3.org/TR/xhtml1/DTD/xhtml1-strict.dtd">\r\n	<html xmlns="http://www.w3.org/1999/xhtml">\r\n	<head>\r\n		<meta http-equiv="Content-Type" content="text/html; charset=UTF-8" />\r\n		<meta name="viewport" content="width=device-width, initial-scale=1.0">\r\n		<meta http-equiv="X-UA-Compatible" content="IE=edge,chrome=1">\r\n		<meta name="format-detection" content="telephone=no" /> <!-- disable auto telephone linking in iOS -->\r\n		<title>Forgot Mail</title>\r\n		<style type="text/css">\r\n			/* RESET STYLES */\r\n			html { background-color:#E1E1E1; margin:0; padding:0; }\r\n			body, #bodyTable, #bodyCell, #bodyCell{height:100% !important; margin:0; padding:0; width:100% !important;font-family:Helvetica, Arial, "Lucida Grande", sans-serif;}\r\n			table{border-collapse:collapse;}\r\n			table[id=bodyTable] {width:100%!important;margin:auto;max-width:500px!important;color:#7A7A7A;font-weight:normal;}\r\n			img, a img{border:0; outline:none; text-decoration:none;height:auto; line-height:100%;}\r\n			a {text-decoration:none !important;border-bottom: 1px solid;color:#ffffff;}\r\n			h1, h2, h3,h5, h6{color:#5F5F5F; font-weight:normal; font-family:Helvetica; font-size:20px; line-height:125%; text-align:Left; letter-spacing:normal;margin-top:0;margin-right:0;margin-bottom:10px;margin-left:0;padding-top:0;padding-bottom:0;padding-left:0;padding-right:0;}\r\n			h4{font-size: 18px;}\r\n			.ii a[href] {\r\n    color: #ffffff;\r\n}\r\n			/* CLIENT-SPECIFIC STYLES */\r\n			.ReadMsgBody{width:100%;} .ExternalClass{width:100%;} /* Force Hotmail/Outlook.com to display emails at full width. */\r\n			.ExternalClass, .ExternalClass p, .ExternalClass span, .ExternalClass font, .ExternalClass td, .ExternalClass div{line-height:100%;} /* Force Hotmail/Outlook.com to display line heights normally. */\r\n			table, td{mso-table-lspace:0pt; mso-table-rspace:0pt;} /* Remove spacing between tables in Outlook 2007 and up. */\r\n			#outlook a{padding:0;} /* Force Outlook 2007 and up to provide a "view in browser" message. */\r\n			img{-ms-interpolation-mode: bicubic;display:block;outline:none; text-decoration:none;} /* Force IE to smoothly render resized images. */\r\n			body, table, td, p, a, li, blockquote{-ms-text-size-adjust:100%; -webkit-text-size-adjust:100%; font-weight:normal!important;} /* Prevent Windows- and Webkit-based mobile platforms from changing declared text sizes. */\r\n			.ExternalClass td[class="ecxflexibleContainerBox"] h3 {padding-top: 10px !important;} /* Force hotmail to push 2-grid sub headers down */\r\n			td a{color:#ffffff; text-decoration: none;}\r\n			/* /\\/\\/\\/\\/\\/\\/\\/\\/ TEMPLATE STYLES /\\/\\/\\/\\/\\/\\/\\/\\/ */\r\n\r\n			/* ========== Page Styles ========== */\r\n			\r\n			.flexibleImage{height:auto;}\r\n			.linkRemoveBorder{border-bottom:0 !important;}\r\n			table[class=flexibleContainerCellDivider] {padding-bottom:0 !important;padding-top:0 !important;}\r\n\r\n			body, #bodyTable{background-color:#E1E1E1;}\r\n			#emailHeader{background-color:#E1E1E1;}\r\n			#emailBody{background-color:#FFFFFF;}\r\n			#emailFooter{background-color:#E1E1E1;}\r\n			.nestedContainer{background-color:#F8F8F8; border:1px solid #CCCCCC;}\r\n			.emailButton{background-color:#205478; border-collapse:separate;}\r\n			.buttonContent{color:#FFFFFF; font-family:Helvetica; font-size:18px; font-weight:bold; line-height:100%; padding:15px; text-align:center;}\r\n			.buttonContent a{color:#FFFFFF; display:block; text-decoration:none!important; border:0!important;}\r\n			.emailCalendar{background-color:#FFFFFF; border:1px solid #CCCCCC;}\r\n			.emailCalendarMonth{background-color:#205478; color:#FFFFFF; font-family:Helvetica, Arial, sans-serif; font-size:16px; font-weight:bold; padding-top:10px; padding-bottom:10px; text-align:center;}\r\n			.emailCalendarDay{color:#205478; font-family:Helvetica, Arial, sans-serif; font-size:60px; font-weight:bold; line-height:100%; padding-top:20px; padding-bottom:20px; text-align:center;}\r\n			.imageContentText {margin-top: 10px;line-height:0;}\r\n			.imageContentText a {line-height:0;}\r\n			#invisibleIntroduction {display:none !important;} /* Removing the introduction text from the view */\r\n\r\n			/*FRAMEWORK HACKS & OVERRIDES */\r\n			span[class=ios-color-hack] a {color:#275100!important;text-decoration:none!important;} /* Remove all link colors in IOS (below are duplicates based on the color preference) */\r\n			span[class=ios-color-hack2] a {color:#205478!important;text-decoration:none!important;}\r\n			span[class=ios-color-hack3] a {color:#8B8B8B!important;text-decoration:none!important;}\r\n		\r\n			.a[href^="tel"], a[href^="sms"] {text-decoration:none!important;color:#606060!important;pointer-events:none!important;cursor:default!important;}\r\n			.mobile_link a[href^="tel"], .mobile_link a[href^="sms"] {text-decoration:none!important;color:#606060!important;pointer-events:auto!important;cursor:default!important;}\r\n\r\n\r\n			/* MOBILE STYLES */\r\n			@media only screen and (max-width: 480px){\r\n				/*////// CLIENT-SPECIFIC STYLES //////*/\r\n				body{width:100% !important; min-width:100% !important;} /* Force iOS Mail to render the email at full width. */\r\n\r\n				table[id="emailHeader"],\r\n				table[id="emailBody"],\r\n				table[id="emailFooter"],\r\n				table[class="flexibleContainer"],\r\n				td[class="flexibleContainerCell"] {width:100% !important;}\r\n				td[class="flexibleContainerBox"], td[class="flexibleContainerBox"] table {display: block;width: 100%;text-align: left;}\r\n		\r\n				td[class="imageContent"] img {height:auto !important; width:100% !important; max-width:100% !important; }\r\n				img[class="flexibleImage"]{height:auto !important; width:100% !important;max-width:100% !important;}\r\n				img[class="flexibleImageSmall"]{height:auto !important; width:auto !important;}\r\n\r\n\r\n				/*\r\n				Create top space for every second element in a block\r\n				*/\r\n				table[class="flexibleContainerBoxNext"]{padding-top: 10px !important;}\r\n\r\n			\r\n				table[class="emailButton"]{width:100% !important;}\r\n				td[class="buttonContent"]{padding:0 !important;}\r\n				td[class="buttonContent"] a{padding:15px !important;}\r\n\r\n			}\r\n\r\n\r\n			@media only screen and (-webkit-device-pixel-ratio:.75){\r\n				/* Put CSS for low density (ldpi) Android layouts in here */\r\n			}\r\n\r\n			@media only screen and (-webkit-device-pixel-ratio:1){\r\n				/* Put CSS for medium density (mdpi) Android layouts in here */\r\n			}\r\n\r\n			@media only screen and (-webkit-device-pixel-ratio:1.5){\r\n				/* Put CSS for high density (hdpi) Android layouts in here */\r\n			}\r\n			/* end Android targeting */\r\n\r\n			/* CONDITIONS FOR IOS DEVICES ONLY\r\n			=====================================================*/\r\n			@media only screen and (min-device-width : 320px) and (max-device-width:568px) {\r\n\r\n			}\r\n			/* end IOS targeting */\r\n		</style>\r\n\r\n	</head>\r\n	<body bgcolor="#E1E1E1" leftmargin="0" marginwidth="0" topmargin="0" marginheight="0" offset="0">\r\n\r\n\r\n		<center style="background-color:#E1E1E1;">\r\n			<table border="0" cellpadding="0" cellspacing="0" height="100%" width="100%" id="bodyTable" style="table-layout: fixed;max-width:100% !important;width: 100% !important;min-width: 100% !important; padding: 20px 0px; padding: 20px 0px;">\r\n				<tr>\r\n					<td align="center" valign="top" id="bodyCell">\r\n\r\n						<table bgcolor="#FFFFFF"  border="0" cellpadding="0" cellspacing="0" width="500" id="emailBody">\r\n\r\n					\r\n							<tr>\r\n								<td align="center" valign="top">\r\n								\r\n									<table border="0" cellpadding="0" cellspacing="0" width="100%" style="color:#FFFFFF;" bgcolor="#c51700">\r\n										<tr>\r\n											<td align="center" valign="top">\r\n											\r\n												<table border="0" cellpadding="0" cellspacing="0" width="500" class="flexibleContainer">\r\n													<tr>\r\n														<td align="center" valign="top" width="500" class="flexibleContainerCell">\r\n\r\n													\r\n															<table border="0" cellpadding="10" cellspacing="0" width="100%">\r\n																<tr>\r\n																	<td align="center" valign="top" class="textContent" colspan="2">\r\n <img src="<?php echo URL::to(''/''); ?>/public/images/logo/Logo_<?php echo Session::get(''front_lang_code''); ?>.png" alt="Logo">\r\n																	<h2 style="text-align:center;font-weight:normal;font-family:Helvetica,Arial,sans-serif;font-size:20px;margin-bottom:10px;color:#ffffff;line-height:135%;"> {{$Title}}</h2>\r\n										\r\n																	</td>\r\n																</tr>\r\n											<tr><td>Name </td> <td>{{$customer_name}}</td></tr>\r\n<tr><td>Email ID</td><td>{{$customer_email}}</td></tr>\r\n		<tr><td>Mobile No</td> <td>{{$customer_mobile_no}}</td></tr>\r\n<tr><td>Password </td> <td>{{$customer_password}}</td></tr>\r\n\r\n															</table>\r\n															<!-- // CONTENT TABLE -->\r\n\r\n														</td>\r\n													</tr>\r\n												</table>\r\n												<!-- // FLEXIBLE CONTAINER -->\r\n											</td>\r\n										</tr>\r\n									</table>\r\n									<!-- // CENTERING TABLE -->\r\n								</td>\r\n							</tr>\r\n							<!-- // MODULE ROW -->\r\n\r\n\r\n\r\n							<!-- MODULE ROW // -->\r\n							<tr>\r\n								<td align="center" valign="top">\r\n									<!-- CENTERING TABLE // -->\r\n									<table border="0" cellpadding="0" cellspacing="0" width="100%" bgcolor="#F8F8F8">\r\n										<tr>\r\n											<td align="center" valign="top">\r\n												<!-- FLEXIBLE CONTAINER // -->\r\n												<table border="0" cellpadding="0" cellspacing="0" width="500" class="flexibleContainer">\r\n													<tr>\r\n														<td align="center" valign="top" width="500" class="flexibleContainerCell">\r\n															<table border="0" cellpadding="30" cellspacing="0" width="100%">\r\n																<tr>\r\n																	<td align="center" valign="top">\r\n\r\n																		<!-- CONTENT TABLE // -->\r\n																		<table border="0" cellpadding="0" cellspacing="0" width="100%">\r\n																			<tr>\r\n																				<td valign="top" class="textContent">\r\n																					\r\n																				\r\n																					<div mc:edit="body" style="text-align:center;\r\n																					font-weight: bold;\r\n																					font-size:20px;margin-bottom:0;color:#c51700;line-height:135%;">ThankYou !!!</div>\r\n																						\r\n																			</tr>\r\n																		</table>\r\n																		<!-- // CONTENT TABLE -->\r\n\r\n																	</td>\r\n																</tr>\r\n															</table>\r\n														</td>\r\n													</tr>\r\n												</table>\r\n												<!-- // FLEXIBLE CONTAINER -->\r\n											</td>\r\n										</tr>\r\n									</table>\r\n									<!-- // CENTERING TABLE -->\r\n								</td>\r\n							</tr>\r\n							<!-- // MODULE ROW -->\r\n\r\n							\r\n					</td>\r\n				</tr>\r\n			</table>\r\n		</center>\r\n	</body>\r\n</html>\r\n\r\n'),
(4, 'Vendor Registration', '<html>\r\n	<head>\r\n		<title>MAIL TEMPLATE</title>\r\n	</head>\r\n	<body>\r\n	<div style="background: #f5f5f5; color: #656565;width: 99%;margin: auto;text-align: center; border: 2px solid #c51700;">\r\n	<img src="<?php echo URL::to(''/''); ?>/public/images/logo/logo_<?php echo Session::get(''front_lang_code''); ?>.png">\r\n\r\n	    <h4 style="color: #c51700;">Registration has been Successfully Completed</h4>\r\n	  \r\n	    <table border="1" cellpadding="5" cellspacing="0" width="50%"  bgcolor="#ffffff" align="center">\r\n	    <tr><td>Name </td> <td>name</td></tr>\r\n		<tr><td>Email ID</td><td>email</td></tr>\r\n		<tr>Password </td> <td>password</td></tr>\r\n\r\n		<tr>Mobile No</td> <td> mobile_no</td></tr>\r\n\r\n		<tr>Alternative Number </td> <td>alternative_no</td></tr>\r\n		</table>\r\n		\r\n		<h4 style="color: #c51700;">Thank You !!!</h4>\r\n		</div>\r\n		\r\n	</body>		\r\n</html>\r\n\r\n\r\n'),
(5, 'Forgot Password', '<!DOCTYPE html PUBLIC "-//W3C//DTD XHTML 1.0 Strict//EN" "http://www.w3.org/TR/xhtml1/DTD/xhtml1-strict.dtd">\r\n	<html xmlns="http://www.w3.org/1999/xhtml">\r\n	<head>\r\n		<meta http-equiv="Content-Type" content="text/html; charset=UTF-8" />\r\n		<meta name="viewport" content="width=device-width, initial-scale=1.0">\r\n		<meta http-equiv="X-UA-Compatible" content="IE=edge,chrome=1">\r\n		<meta name="format-detection" content="telephone=no" /> <!-- disable auto telephone linking in iOS -->\r\n		<title>Forgot Mail</title>\r\n		<style type="text/css">\r\n			/* RESET STYLES */\r\n			html { background-color:#E1E1E1; margin:0; padding:0; }\r\n			body, #bodyTable, #bodyCell, #bodyCell{height:100% !important; margin:0; padding:0; width:100% !important;font-family:Helvetica, Arial, "Lucida Grande", sans-serif;}\r\n			table{border-collapse:collapse;}\r\n			table[id=bodyTable] {width:100%!important;margin:auto;max-width:500px!important;color:#7A7A7A;font-weight:normal;}\r\n			img, a img{border:0; outline:none; text-decoration:none;height:auto; line-height:100%;}\r\n			a {text-decoration:none !important;border-bottom: 1px solid;color:#ffffff;}\r\n			h1, h2, h3,h5, h6{color:#5F5F5F; font-weight:normal; font-family:Helvetica; font-size:20px; line-height:125%; text-align:Left; letter-spacing:normal;margin-top:0;margin-right:0;margin-bottom:10px;margin-left:0;padding-top:0;padding-bottom:0;padding-left:0;padding-right:0;}\r\n			h4{font-size: 18px;}\r\n			.ii a[href] {\r\n    color: #ffffff;\r\n}\r\n			/* CLIENT-SPECIFIC STYLES */\r\n			.ReadMsgBody{width:100%;} .ExternalClass{width:100%;} /* Force Hotmail/Outlook.com to display emails at full width. */\r\n			.ExternalClass, .ExternalClass p, .ExternalClass span, .ExternalClass font, .ExternalClass td, .ExternalClass div{line-height:100%;} /* Force Hotmail/Outlook.com to display line heights normally. */\r\n			table, td{mso-table-lspace:0pt; mso-table-rspace:0pt;} /* Remove spacing between tables in Outlook 2007 and up. */\r\n			#outlook a{padding:0;} /* Force Outlook 2007 and up to provide a "view in browser" message. */\r\n			img{-ms-interpolation-mode: bicubic;display:block;outline:none; text-decoration:none;} /* Force IE to smoothly render resized images. */\r\n			body, table, td, p, a, li, blockquote{-ms-text-size-adjust:100%; -webkit-text-size-adjust:100%; font-weight:normal!important;} /* Prevent Windows- and Webkit-based mobile platforms from changing declared text sizes. */\r\n			.ExternalClass td[class="ecxflexibleContainerBox"] h3 {padding-top: 10px !important;} /* Force hotmail to push 2-grid sub headers down */\r\n			td a{color:#ffffff; text-decoration: none;}\r\n			/* /\\/\\/\\/\\/\\/\\/\\/\\/ TEMPLATE STYLES /\\/\\/\\/\\/\\/\\/\\/\\/ */\r\n\r\n			/* ========== Page Styles ========== */\r\n			\r\n			.flexibleImage{height:auto;}\r\n			.linkRemoveBorder{border-bottom:0 !important;}\r\n			table[class=flexibleContainerCellDivider] {padding-bottom:0 !important;padding-top:0 !important;}\r\n\r\n			body, #bodyTable{background-color:#E1E1E1;}\r\n			#emailHeader{background-color:#E1E1E1;}\r\n			#emailBody{background-color:#FFFFFF;}\r\n			#emailFooter{background-color:#E1E1E1;}\r\n			.nestedContainer{background-color:#F8F8F8; border:1px solid #CCCCCC;}\r\n			.emailButton{background-color:#205478; border-collapse:separate;}\r\n			.buttonContent{color:#FFFFFF; font-family:Helvetica; font-size:18px; font-weight:bold; line-height:100%; padding:15px; text-align:center;}\r\n			.buttonContent a{color:#FFFFFF; display:block; text-decoration:none!important; border:0!important;}\r\n			.emailCalendar{background-color:#FFFFFF; border:1px solid #CCCCCC;}\r\n			.emailCalendarMonth{background-color:#205478; color:#FFFFFF; font-family:Helvetica, Arial, sans-serif; font-size:16px; font-weight:bold; padding-top:10px; padding-bottom:10px; text-align:center;}\r\n			.emailCalendarDay{color:#205478; font-family:Helvetica, Arial, sans-serif; font-size:60px; font-weight:bold; line-height:100%; padding-top:20px; padding-bottom:20px; text-align:center;}\r\n			.imageContentText {margin-top: 10px;line-height:0;}\r\n			.imageContentText a {line-height:0;}\r\n			#invisibleIntroduction {display:none !important;} /* Removing the introduction text from the view */\r\n\r\n			/*FRAMEWORK HACKS & OVERRIDES */\r\n			span[class=ios-color-hack] a {color:#275100!important;text-decoration:none!important;} /* Remove all link colors in IOS (below are duplicates based on the color preference) */\r\n			span[class=ios-color-hack2] a {color:#205478!important;text-decoration:none!important;}\r\n			span[class=ios-color-hack3] a {color:#8B8B8B!important;text-decoration:none!important;}\r\n		\r\n			.a[href^="tel"], a[href^="sms"] {text-decoration:none!important;color:#606060!important;pointer-events:none!important;cursor:default!important;}\r\n			.mobile_link a[href^="tel"], .mobile_link a[href^="sms"] {text-decoration:none!important;color:#606060!important;pointer-events:auto!important;cursor:default!important;}\r\n\r\n\r\n			/* MOBILE STYLES */\r\n			@media only screen and (max-width: 480px){\r\n				/*////// CLIENT-SPECIFIC STYLES //////*/\r\n				body{width:100% !important; min-width:100% !important;} /* Force iOS Mail to render the email at full width. */\r\n\r\n				table[id="emailHeader"],\r\n				table[id="emailBody"],\r\n				table[id="emailFooter"],\r\n				table[class="flexibleContainer"],\r\n				td[class="flexibleContainerCell"] {width:100% !important;}\r\n				td[class="flexibleContainerBox"], td[class="flexibleContainerBox"] table {display: block;width: 100%;text-align: left;}\r\n		\r\n				td[class="imageContent"] img {height:auto !important; width:100% !important; max-width:100% !important; }\r\n				img[class="flexibleImage"]{height:auto !important; width:100% !important;max-width:100% !important;}\r\n				img[class="flexibleImageSmall"]{height:auto !important; width:auto !important;}\r\n\r\n\r\n				/*\r\n				Create top space for every second element in a block\r\n				*/\r\n				table[class="flexibleContainerBoxNext"]{padding-top: 10px !important;}\r\n\r\n			\r\n				table[class="emailButton"]{width:100% !important;}\r\n				td[class="buttonContent"]{padding:0 !important;}\r\n				td[class="buttonContent"] a{padding:15px !important;}\r\n\r\n			}\r\n\r\n\r\n			@media only screen and (-webkit-device-pixel-ratio:.75){\r\n				/* Put CSS for low density (ldpi) Android layouts in here */\r\n			}\r\n\r\n			@media only screen and (-webkit-device-pixel-ratio:1){\r\n				/* Put CSS for medium density (mdpi) Android layouts in here */\r\n			}\r\n\r\n			@media only screen and (-webkit-device-pixel-ratio:1.5){\r\n				/* Put CSS for high density (hdpi) Android layouts in here */\r\n			}\r\n			/* end Android targeting */\r\n\r\n			/* CONDITIONS FOR IOS DEVICES ONLY\r\n			=====================================================*/\r\n			@media only screen and (min-device-width : 320px) and (max-device-width:568px) {\r\n\r\n			}\r\n			/* end IOS targeting */\r\n		</style>\r\n\r\n	</head>\r\n	<body bgcolor="#E1E1E1" leftmargin="0" marginwidth="0" topmargin="0" marginheight="0" offset="0">\r\n\r\n\r\n		<center style="background-color:#E1E1E1;">\r\n			<table border="0" cellpadding="0" cellspacing="0" height="100%" width="100%" id="bodyTable" style="table-layout: fixed;max-width:100% !important;width: 100% !important;min-width: 100% !important; padding: 20px 0px; padding: 20px 0px;">\r\n				<tr>\r\n					<td align="center" valign="top" id="bodyCell">\r\n\r\n						<table bgcolor="#FFFFFF"  border="0" cellpadding="0" cellspacing="0" width="500" id="emailBody">\r\n\r\n					\r\n							<tr>\r\n								<td align="center" valign="top">\r\n								\r\n									<table border="0" cellpadding="0" cellspacing="0" width="100%" style="color:#FFFFFF;" bgcolor="#c51700">\r\n										<tr>\r\n											<td align="center" valign="top">\r\n											\r\n												<table border="0" cellpadding="0" cellspacing="0" width="500" class="flexibleContainer">\r\n													<tr>\r\n														<td align="center" valign="top" width="500" class="flexibleContainerCell">\r\n\r\n													\r\n															<table border="0" cellpadding="10" cellspacing="0" width="100%">\r\n																<tr>\r\n																	<td align="center" valign="top" class="textContent" colspan="2">\r\n <img src="<?php echo URL::to(''/''); ?>/public/images/logo/Logo_<?php echo Session::get(''front_lang_code''); ?>.png" alt="Logo">\r\n																	<h2 style="text-align:center;font-weight:normal;font-family:Helvetica,Arial,sans-serif;font-size:20px;margin-bottom:10px;color:#ffffff;line-height:135%;">Your Registration Details</h2>\r\n										\r\n																	</td>\r\n																</tr>\r\n											 <tr style="text-align: center;"><td>Your Password</td> <td>{{$ForgotPassword}}</td></tr>\r\n															</table>\r\n															<!-- // CONTENT TABLE -->\r\n\r\n														</td>\r\n													</tr>\r\n												</table>\r\n												<!-- // FLEXIBLE CONTAINER -->\r\n											</td>\r\n										</tr>\r\n									</table>\r\n									<!-- // CENTERING TABLE -->\r\n								</td>\r\n							</tr>\r\n							<!-- // MODULE ROW -->\r\n\r\n\r\n\r\n							<!-- MODULE ROW // -->\r\n							<tr>\r\n								<td align="center" valign="top">\r\n									<!-- CENTERING TABLE // -->\r\n									<table border="0" cellpadding="0" cellspacing="0" width="100%" bgcolor="#F8F8F8">\r\n										<tr>\r\n											<td align="center" valign="top">\r\n												<!-- FLEXIBLE CONTAINER // -->\r\n												<table border="0" cellpadding="0" cellspacing="0" width="500" class="flexibleContainer">\r\n													<tr>\r\n														<td align="center" valign="top" width="500" class="flexibleContainerCell">\r\n															<table border="0" cellpadding="30" cellspacing="0" width="100%">\r\n																<tr>\r\n																	<td align="center" valign="top">\r\n\r\n																		<!-- CONTENT TABLE // -->\r\n																		<table border="0" cellpadding="0" cellspacing="0" width="100%">\r\n																			<tr>\r\n																				<td valign="top" class="textContent">\r\n																					\r\n																				\r\n																					<div mc:edit="body" style="text-align:center;\r\n																					font-weight: bold;\r\n																					font-size:20px;margin-bottom:0;color:#c51700;line-height:135%;">ThankYou !!!</div>\r\n																						<div mc:edit="body" style="text-align:center;\r\n																					font-weight: bold;\r\n																					font-size:16px;margin-top:10;color:#000000;line-height:135%;">Team | {{$Sitename}}</div>\r\n																					\r\n																			</tr>\r\n																		</table>\r\n																		<!-- // CONTENT TABLE -->\r\n\r\n																	</td>\r\n																</tr>\r\n															</table>\r\n														</td>\r\n													</tr>\r\n												</table>\r\n												<!-- // FLEXIBLE CONTAINER -->\r\n											</td>\r\n										</tr>\r\n									</table>\r\n									<!-- // CENTERING TABLE -->\r\n								</td>\r\n							</tr>\r\n							<!-- // MODULE ROW -->\r\n\r\n							\r\n					</td>\r\n				</tr>\r\n			</table>\r\n		</center>\r\n	</body>\r\n</html>\r\n\r\n\r\n');

-- --------------------------------------------------------

--
-- Table structure for table `tb_newsletter_subscription`
--

CREATE TABLE `tb_newsletter_subscription` (
  `id` int(11) NOT NULL,
  `news_email_id` varchar(255) NOT NULL,
  `news_status` int(11) NOT NULL,
  `subs_date` timestamp NOT NULL DEFAULT CURRENT_TIMESTAMP ON UPDATE CURRENT_TIMESTAMP
) ENGINE=InnoDB DEFAULT CHARSET=latin1;

--
-- Dumping data for table `tb_newsletter_subscription`
--

INSERT INTO `tb_newsletter_subscription` (`id`, `news_email_id`, `news_status`, `subs_date`) VALUES
(1, 'kailashkumar.r@pofitec.com', 1, '2017-08-24 10:36:33'),
(2, 'kumarkailash075@gmail.com', 1, '2017-08-24 10:38:59'),
(3, 'dfgdg@gmail.com', 1, '2017-08-31 11:57:18'),
(4, 'ragulgandh@pofitec.com', 1, '2017-09-01 12:09:53'),
(5, 'ragulgandhi@pofitec.com', 1, '2017-09-02 05:54:34'),
(6, 'micheal@pofitec.com', 1, '2017-10-11 06:11:16'),
(7, 'preetha@pofitec.com', 1, '2017-10-11 13:26:01'),
(8, 'venugopal@pofitec.com', 1, '2017-10-11 13:27:28'),
(9, 'test@gmail.com', 1, '2017-10-21 04:34:16');

-- --------------------------------------------------------

--
-- Table structure for table `tb_order`
--

CREATE TABLE `tb_order` (
  `order_id` int(10) NOT NULL,
  `customer_id` int(10) NOT NULL,
  `order_shipping_cus_name` text NOT NULL,
  `order_shipping_address` text NOT NULL,
  `order_shipping_address1` text NOT NULL,
  `order_shipping_mobile` text NOT NULL,
  `restaurant_id` int(10) NOT NULL,
  `item_id` int(10) NOT NULL,
  `order_choice_id` varchar(100) NOT NULL,
  `order_item` text NOT NULL,
  `order_item_qty` int(10) NOT NULL,
  `order_price` varchar(255) NOT NULL,
  `order_tax` varchar(255) NOT NULL,
  `order_shipping_amount` varchar(255) NOT NULL,
  `order_total` varchar(255) NOT NULL,
  `order_currency` varchar(255) NOT NULL,
  `order_trans_id` varchar(255) NOT NULL,
  `payment_status` int(10) NOT NULL COMMENT '0->failed,1->paid',
  `delivery_status` int(10) NOT NULL COMMENT '0->Hold,1->Preparing to delivery,2->Dispatch,3->Delivery,4->Cancelled',
  `order_delivery_person_id` int(10) NOT NULL,
  `order_delivery_slot` text NOT NULL,
  `order_status` int(10) NOT NULL COMMENT '0-block,1-un-block,2-Delete',
  `order_pre_order_date` datetime NOT NULL,
  `order_date` datetime NOT NULL,
  `order_admin_commission_percentage` int(5) NOT NULL,
  `order_admin_commission_amount` double NOT NULL,
  `payment_method` varchar(100) NOT NULL COMMENT 'check id in tb_admin_vendor_payment_setting table',
  `delivery_otp` varchar(100) NOT NULL,
  `cancel_reson` text NOT NULL
) ENGINE=InnoDB DEFAULT CHARSET=latin1;

--
-- Dumping data for table `tb_order`
--

INSERT INTO `tb_order` (`order_id`, `customer_id`, `order_shipping_cus_name`, `order_shipping_address`, `order_shipping_address1`, `order_shipping_mobile`, `restaurant_id`, `item_id`, `order_choice_id`, `order_item`, `order_item_qty`, `order_price`, `order_tax`, `order_shipping_amount`, `order_total`, `order_currency`, `order_trans_id`, `payment_status`, `delivery_status`, `order_delivery_person_id`, `order_delivery_slot`, `order_status`, `order_pre_order_date`, `order_date`, `order_admin_commission_percentage`, `order_admin_commission_amount`, `payment_method`, `delivery_otp`, `cancel_reson`) VALUES
(3, 16, '', '', '', '', 12, 51, '', '', 2, '150', '', '5', '300', 'USD', 'ORDERjgVs4vJMdQ', 1, 3, 7, '01.00 AM', 0, '0000-00-00 00:00:00', '2016-08-11 00:00:00', 10, 30, '', '', ''),
(4, 16, '', '', '', '', 12, 50, '', '', 6, '100', '', '5', '600', 'USD', 'ORDERjgVs4vJMdQ', 1, 1, 7, '02.00 AM', 0, '0000-00-00 00:00:00', '2017-08-11 00:00:00', 10, 60, '', '', ''),
(5, 16, '', '', '', '', 12, 50, '', '', 5, '100', '', '5', '500', 'USD', 'ORDERiHvuS4stkl', 1, 1, 16, '01.00 AM', 0, '0000-00-00 00:00:00', '2015-08-11 00:00:00', 10, 50, '', '', ''),
(6, 16, '', '', '', '', 12, 50, '', '', 2, '100', '', '5', '200', 'USD', 'ORDEROxLUarY9ZU', 1, 1, 0, 'select', 0, '0000-00-00 00:00:00', '2015-08-11 00:00:00', 10, 20, '', '', ''),
(7, 16, '', '', '', '', 12, 50, '', '', 7, '100', '70', '5', '700', 'USD', 'ORDERSP1zS8MraB', 1, 4, 7, '', 0, '0000-00-00 00:00:00', '2017-08-11 00:00:00', 10, 70, '', '', ''),
(8, 16, '', '', '', '', 12, 51, '', '', 5, '150', '0', '5', '750', 'USD', 'ORDERQLnVHcuuty', 1, 4, 7, '01.00 AM', 0, '0000-00-00 00:00:00', '2017-08-11 00:00:00', 10, 75, '', '', 'dsff'),
(9, 13, '', '', '', '', 9, 54, '', '', 7, '2', '0', '40', '14', 'USD', 'ORDERV2PNwK3CTm', 1, 0, 0, '', 0, '0000-00-00 00:00:00', '2017-08-12 00:00:00', 10, 1.4000000000000001, '', '', ''),
(10, 13, '', '', '', '', 12, 50, '', '', 2, '100', '20', '5', '200', 'USD', 'ORDERsAONF4PAMv', 1, 0, 0, '', 0, '0000-00-00 00:00:00', '2017-08-16 00:00:00', 10, 20, '', '', ''),
(11, 13, '', '', '', '', 12, 51, '', '', 1, '150', '50', '5', '150', 'USD', 'ORDERsAONF4PAMv', 1, 0, 0, '', 0, '0000-00-00 00:00:00', '2017-01-16 00:00:00', 10, 15, '', '', ''),
(12, 13, '', '', '', '', 12, 51, '', '', 1, '150', '30', '5', '150', 'USD', 'ORDERctmMz90nKr', 1, 0, 0, '', 0, '0000-00-00 00:00:00', '2017-03-16 00:00:00', 10, 15, '', '', ''),
(13, 13, '', '', '', '', 12, 50, '', '', 1, '100', '10', '5', '100', 'USD', 'ORDERctmMz90nKr', 1, 0, 0, '', 0, '0000-00-00 00:00:00', '2017-03-16 00:00:00', 10, 10, '', '', ''),
(14, 13, '', '', '', '', 12, 51, '', '', 3, '150', '90', '5', '450', 'USD', 'ORDERKm3mBcD3h3', 1, 3, 7, '', 0, '0000-00-00 00:00:00', '2017-08-16 00:00:00', 10, 45, '', '19379', ''),
(15, 13, '', '', '', '', 12, 50, '', '', 1, '100', '10', '5', '100', 'USD', 'ORDERKm3mBcD3h3', 1, 3, 7, '', 0, '0000-00-00 00:00:00', '2017-08-16 00:00:00', 10, 10, '', '19379', ''),
(16, 13, '', '', '', '', 12, 51, '', '', 1, '150', '30', '5', '150', 'USD', 'ORDERcard_1ArRs4JsVsdwpJBfq1aSggrQ', 1, 3, 7, '', 0, '0000-00-00 00:00:00', '2017-08-16 00:00:00', 10, 15, '', '', ''),
(17, 13, '', '', '', '', 12, 50, '', '', 1, '100', '10', '5', '100', 'USD', 'ORDERcard_1ArRs4JsVsdwpJBfq1aSggrQ', 1, 3, 7, '', 0, '0000-00-00 00:00:00', '2017-08-16 00:00:00', 10, 10, '', '', ''),
(18, 13, '', '', '', '', 12, 50, '', '', 1, '100', '10', '5', '100', 'USD', 'ORDERcard_1AvhxpJsVsdwpJBfAhZjlKwQ', 1, 0, 0, '', 0, '0000-00-00 00:00:00', '2017-08-28 00:00:00', 10, 10, '', '', ''),
(19, 13, '', '', '', '', 12, 64, '', '', 1, '10', '', '5', '10', 'USD', 'PAY-4UK17141CE234071NLGR6BKQ', 1, 0, 0, '', 0, '0000-00-00 00:00:00', '2017-08-28 00:00:00', 0, 0, '1', '', ''),
(20, 13, '', '', '', '', 12, 64, '', '', 1, '10', '', '5', '10', 'USD', 'PAY-94B39594GB061863BLGR6M2Q', 1, 0, 0, '', 0, '0000-00-00 00:00:00', '2017-08-28 00:00:00', 0, 0, '1', '', ''),
(21, 13, '', '', '', '', 12, 50, '', '', 1, '100', '10', '5', '100', 'USD', 'ORDERcard_1AvkhHJsVsdwpJBfzY61RCoe', 1, 0, 0, '', 0, '0000-00-00 00:00:00', '2017-08-28 00:00:00', 10, 10, '2', '', ''),
(22, 13, '', '', '', '', 12, 50, '', '', 1, '100', '10', '5', '100', 'USD', 'ORDERcard_1AvkmTJsVsdwpJBfBQLtkiZp', 1, 0, 0, '', 0, '0000-00-00 00:00:00', '2017-08-28 00:00:00', 10, 10, '2', '', ''),
(23, 13, '', '', '', '', 12, 64, '', '', 4, '10', '0', '5', '40', 'USD', 'PAY-4ER566974D4014849LGSADWI', 1, 0, 0, '', 0, '0000-00-00 00:00:00', '2017-08-28 00:00:00', 10, 4, '1', '', ''),
(24, 13, '', '', '', '', 12, 50, '', '', 1, '100', '10', '5', '100', 'USD', 'PAY-4ER566974D4014849LGSADWI', 1, 0, 0, '', 0, '0000-00-00 00:00:00', '2017-08-28 00:00:00', 10, 10, '1', '', ''),
(25, 13, '', '', '', '', 12, 64, '', '', 1, '10', '0', '5', '10', 'USD', 'ORDERhLTq93DViu', 1, 0, 0, '', 0, '0000-00-00 00:00:00', '2017-08-28 00:00:00', 10, 1, '4', '', ''),
(26, 30, '', '', '', '', 12, 51, '', '', 1, '150', '30', '5', '150', 'USD', 'ORDERq6gGAUzrui', 1, 0, 0, '', 0, '0000-00-00 00:00:00', '2017-08-30 00:00:00', 10, 15, '4', '', ''),
(27, 30, '', '', '', '', 12, 50, '', '', 1, '100', '10', '5', '100', 'USD', 'ORDERq6gGAUzrui', 1, 0, 0, '', 0, '0000-00-00 00:00:00', '2017-08-30 00:00:00', 10, 10, '4', '', ''),
(28, 30, '', '', '', '', 12, 64, '', '', 3, '10', '0', '5', '30', 'USD', 'ORDERSxvSREUclE', 1, 0, 0, '', 0, '0000-00-00 00:00:00', '2017-08-31 00:00:00', 10, 3, '4', '', ''),
(29, 30, '', '', '', '', 12, 50, '', '', 1, '100', '10', '5', '100', 'USD', 'ORDERSxvSREUclE', 1, 0, 0, '', 0, '0000-00-00 00:00:00', '2017-08-31 00:00:00', 10, 10, '4', '', ''),
(30, 13, '', '', '', '', 12, 51, '', '', 3, '150', '90', '5', '450', 'USD', 'ORDERTxj4KRISCd', 1, 0, 0, '', 0, '0000-00-00 00:00:00', '2017-08-31 00:00:00', 10, 45, '4', '', ''),
(31, 13, '', '', '', '', 12, 64, '', '', 1, '10', '0', '5', '10', 'USD', 'ORDERTxj4KRISCd', 1, 0, 0, '', 0, '0000-00-00 00:00:00', '2017-08-31 00:00:00', 10, 1, '4', '', ''),
(32, 13, '', '', '', '', 12, 50, '', '', 1, '100', '10', '5', '100', 'USD', 'ORDERTxj4KRISCd', 1, 0, 0, '', 0, '0000-00-00 00:00:00', '2017-08-31 00:00:00', 10, 10, '4', '', ''),
(33, 13, '', '', '', '', 12, 64, '', '', 1, '10', '0', '5', '10', 'USD', 'ORDERqZ8c5o3EVV', 1, 0, 0, '', 0, '0000-00-00 00:00:00', '2017-09-01 00:00:00', 10, 1, '4', '', ''),
(34, 29, '', '', '', '', 12, 51, '', '', 1, '150', '30', '5', '150', 'USD', 'ORDERCx4LZihUOo', 1, 0, 0, '', 0, '0000-00-00 00:00:00', '2017-09-07 00:00:00', 10, 15, '4', '', ''),
(35, 29, '', '', '', '', 12, 64, '', '', 1, '10', '0', '5', '10', 'USD', 'ORDERrrgzeSfG59', 1, 0, 0, '', 0, '0000-00-00 00:00:00', '2017-09-07 00:00:00', 10, 1, '4', '', ''),
(36, 13, '', '', '', '', 12, 64, '', '', 4, '10', '0', '5', '40', 'USD', 'ORDER4xUEMB46ui', 1, 1, 7, '01.00 AM', 0, '0000-00-00 00:00:00', '2017-09-07 00:00:00', 10, 4, '4', '', ''),
(37, 13, '', '', '', '', 12, 50, '', '', 10, '100', '100', '5', '1000', 'USD', 'ORDER4xUEMB46ui', 1, 0, 0, '', 0, '0000-00-00 00:00:00', '2017-09-07 00:00:00', 10, 100, '4', '', ''),
(38, 29, '', '', '', '', 12, 50, '', '', 1, '100', '10', '5', '100', 'USD', 'ORDERzGtZHXS7z7', 1, 0, 0, '', 0, '0000-00-00 00:00:00', '2017-09-08 00:00:00', 10, 10, '4', '', ''),
(39, 13, '', '', '', '', 12, 64, '', '', 2, '10', '0', '5', '20', 'USD', 'ORDERIHRNlLmxvK', 1, 1, 7, '02.00 AM', 0, '0000-00-00 00:00:00', '2017-09-22 20:01:17', 10, 2, '4', '', ''),
(40, 13, '', '', '', '', 12, 59, '', '', 1, '5', '0', '5', '5', 'USD', 'ORDERIHRNlLmxvK', 1, 0, 0, '', 0, '0000-00-00 00:00:00', '2017-09-22 20:01:17', 10, 0.5, '4', '', ''),
(41, 67, '', '', '', '', 12, 64, '', '', 3, '10', '0', '5', '30', 'USD', 'ORDERcard_1BBM7mJsVsdwpJBfI0dyikSd', 1, 0, 0, '', 0, '0000-00-00 00:00:00', '2017-10-10 17:12:15', 10, 3, '2', '', ''),
(42, 67, '', '', '', '', 12, 51, '', '', 1, '150', '30', '5', '150', 'USD', 'ORDERcard_1BBM7mJsVsdwpJBfI0dyikSd', 1, 0, 0, '', 0, '0000-00-00 00:00:00', '2017-10-10 17:12:16', 10, 15, '2', '', ''),
(43, 67, '', '', '', '', 12, 59, '', '', 1, '5', '0', '5', '5', 'USD', 'ORDERcard_1BBM7mJsVsdwpJBfI0dyikSd', 1, 0, 0, '', 0, '0000-00-00 00:00:00', '2017-10-10 17:12:16', 10, 0.5, '2', '', ''),
(44, 47, '', '', '', '', 12, 64, '', '', 6, '10', '0', '5', '60', 'USD', 'ORDERbS9fZki5L5', 1, 0, 0, '', 0, '0000-00-00 00:00:00', '2017-10-20 18:57:01', 10, 6, '4', '', ''),
(45, 47, '', '', '', '', 12, 50, '', '', 2, '100', '20', '5', '200', 'USD', 'ORDERbS9fZki5L5', 1, 0, 0, '', 0, '0000-00-00 00:00:00', '2017-10-20 18:57:02', 10, 20, '4', '', ''),
(46, 47, '', '', '', '', 12, 51, '', '', 1, '150', '30', '5', '150', 'USD', 'ORDERbS9fZki5L5', 1, 0, 0, '', 0, '0000-00-00 00:00:00', '2017-10-20 18:57:02', 10, 15, '4', '', ''),
(47, 47, '', '', '', '', 12, 59, '', '', 1, '5', '0', '5', '5', 'USD', 'ORDERg98SSazPj5', 1, 0, 0, '', 0, '0000-00-00 00:00:00', '2017-10-20 18:57:42', 10, 0.5, '4', '', ''),
(48, 47, '', '', '', '', 12, 65, '', '', 1, '250', '0', '5', '250', 'USD', 'ORDERg98SSazPj5', 1, 0, 0, '', 0, '0000-00-00 00:00:00', '2017-10-20 18:57:42', 10, 25, '4', '', ''),
(49, 47, '', '', '', '', 12, 63, '', '', 1, '123', '0', '5', '123', 'USD', 'ORDERg98SSazPj5', 1, 0, 0, '', 0, '0000-00-00 00:00:00', '2017-10-20 18:57:43', 10, 12.3, '4', '', '');

-- --------------------------------------------------------

--
-- Table structure for table `tb_restaurant`
--

CREATE TABLE `tb_restaurant` (
  `restaurant_id` int(10) NOT NULL,
  `restaurant_vendor_id` int(10) DEFAULT NULL,
  `restaurant_en` varchar(255) DEFAULT NULL,
  `restaurant_ar` varchar(255) CHARACTER SET utf8 DEFAULT NULL,
  `restaurant_logo` text,
  `restaurant_minimum_order` varchar(255) DEFAULT NULL,
  `restaurant_cusine_type` varchar(255) DEFAULT NULL,
  `restaurant_delivery_time` varchar(255) DEFAULT NULL,
  `restaurant_delivery_fee` varchar(255) DEFAULT NULL,
  `restaurant_currency_code` varchar(255) DEFAULT NULL,
  `restaurant_country` int(10) DEFAULT NULL,
  `restaurant_city` int(10) DEFAULT NULL,
  `restaurant_location` int(10) DEFAULT NULL,
  `restaurant_pre_order` varchar(255) DEFAULT NULL,
  `restaurant_table_slot` varchar(255) DEFAULT NULL,
  `restaurant_photo` varchar(255) DEFAULT NULL,
  `about_restaurant_en` text,
  `about_restaurant_ar` text CHARACTER SET utf8mb4,
  `rating_total` bigint(20) DEFAULT '0',
  `rating_average` double DEFAULT '0',
  `rating_users_count` bigint(20) DEFAULT '0',
  `restaurant_status` int(10) NOT NULL DEFAULT '1' COMMENT '0-block,1-un-block,2-Delete',
  `total_seat_toBook` int(11) NOT NULL
) ENGINE=InnoDB DEFAULT CHARSET=latin1;

--
-- Dumping data for table `tb_restaurant`
--

INSERT INTO `tb_restaurant` (`restaurant_id`, `restaurant_vendor_id`, `restaurant_en`, `restaurant_ar`, `restaurant_logo`, `restaurant_minimum_order`, `restaurant_cusine_type`, `restaurant_delivery_time`, `restaurant_delivery_fee`, `restaurant_currency_code`, `restaurant_country`, `restaurant_city`, `restaurant_location`, `restaurant_pre_order`, `restaurant_table_slot`, `restaurant_photo`, `about_restaurant_en`, `about_restaurant_ar`, `rating_total`, `rating_average`, `rating_users_count`, `restaurant_status`, `total_seat_toBook`) VALUES
(9, 1, 'Pizza Hut', 'سلة مشترياتك', 'Logo_9.png', '250', '1,2,3,4', '30mins', '40', 'USD', 1, 1, 1, '1', '0', 'Restaurant_9.jpg', '\r\n\r\nOne disadvantage of Lorum Ipsum is that in Latin certain letters appear more frequently than others - which creates a distinct visual impression. Moreover, in Latin only words at the beginning of sentences are capitalized; this means that Lorem Ipsum cannot accurately represent, for example, German, in which all nouns are capitalized. Thus, Lorem Ipsum has only limited suitability as a visual filler for German texts. If the fill text is intended to illustrate the characteristics of different typefaces, it sometimes makes sense to select texts containing the various letters and symbols specific to the output language. One disadvantage of Lorum Ipsum is that in Latin certain letters appear more frequently than others - which creates a distinct visual impression. Moreover, in Latin only words at the beginning of sentences are capitalized; this means that Lorem Ipsum cannot accurately represent, for example, German, in which all nouns are capitalized. Thus, Lorem Ipsum has only limited suitability as a visual filler for German texts. If the fill text is intended to illustrate the characteristics of different typefaces, it sometimes makes sense to select texts containing the various letters and symbols specific to the output language. One disadvantage of Lorum Ipsum is that in Latin certain letters appear more frequently than others - which creates a distinct visual impression. Moreover, in Latin only words at the beginning of sentences are capitalized; this means that Lorem Ipsum cannot accurately represent, for example, German, in which all nouns are capitalized. Thus, Lorem Ipsum has only limited suitability as a visual filler for German texts. If the fill text is intended to illustrate the characteristics of different typefaces, it sometimes makes sense to select texts containing the various letters and symbols specific to the output language. One disadvantage of Lorum Ipsum is that in Latin certain letters appear more frequently than others - which creates a distinct visual impression. Moreover, in Latin only words at the beginning of sentences are capitalized; this means that Lorem Ipsum cannot accurately represent, for example, German, in which all nouns are capitalized. Thus, Lorem Ipsum has only limited suitability as a visual filler for German texts. If the fill text is intended to illustrate the characteristics of different typefaces, it sometimes makes sense to select texts containing the various letters and symbols specific to the output language.\r\nOne disadvantage of Lorum Ipsum is that in Latin certain letters appear more frequently than others - which creates a distinct visual impression', 'قامت بأيدي بريطانيا-فرنسا كل أخر, أضف ما الصعداء الأوروبية. حيث أسيا إحكام .', 0, 0, 0, 1, 0),
(10, 0, 'New Punjabi Food Corner', 'حبوب الكال شاورما دجاج', 'Logo_10.jpg', '200', '3,4', '35', '40', 'USD', 0, 0, 0, '0', NULL, '', 'Lorem ipsum dolor sit amet, consectetur adipiscing elit. Quisque vulputate, massa at dignissim ultricies.', 'رام النجاررام النجاررام النجاررام النجاررام النجاررام النجاررام النجاررام النجاررام النجاررام النجاررام النجاررام النجاررام النجار', 0, 0, 0, 1, 5),
(11, 2, 'Cafe Bateel', 'معلومات المطعم', 'Logo_11.jpg', '300', '2,3,4', '45', '45', 'USD', 1, 2, 2, '1', '0', NULL, 'Lorem ipsum dolor sit amet, consectetur adipiscing elit. Mauris ultricies tempus nunc, eget ullamcorper neque vehicula in. Integer ac volutpat tortor', 'معلومات المطعممعلومات المطعممعلومات المطعممعلومات المطعممعلومات المطعممعلومات المطعممعلومات المطعم', 0, 0, 0, 2, 0),
(12, 10, 'Royal Orchid', 'المأكولات الملكية', 'Logo_12.jpg', '5', '1,4', '45', '15', 'USD', 1, 1, 1, '1', '0', 'Restaurant_12.jpg', 'It is a long established fact that a reader will be distracted by the readable content of a page when looking at its layout. The point of using Lorem Ipsum is that it has a more-or-less normal distribution of letters, as opposed to using ''Content here, content here'', making it look like readable English. Many desktop publishing packages and web page editors now use Lorem Ipsum as their default model text, and a search for ''lorem ipsum'' will uncover many web sites still in their infancy. Various versions have evolved over the years, sometimes by accident, sometimes on purpose (injected humour and the like).', 'المأكولات الملكية', 23, 2.56, 9, 1, 5),
(13, 11, 'Spice Garden', 'Spice Garden', 'Logo_13.png', '2', '1', '45', '12', 'USD', 1, 1, 1, '1', '0', 'Restaurant_13.jpg', 'It is a long established fact that a reader will be distracted by the readable content of a page when looking at its layout. The point of using Lorem Ipsum is that it has a more-or-less normal distribution of letters, as opposed to using ''Content here, content here'', making it look like readable English', 'wddqwd', 0, 0, 0, 1, 0),
(14, 12, 'sdfdsfsf', 'sfsdf', '', 'asdasda', '1', 'asdasd', 'asdasd', 'USD', 1, 1, 1, '1', NULL, '', 'asdsada', 'asdasd', 0, 0, 0, 2, 0),
(15, 12, 'ssdfs', 'sdfdsf', '', '324', '1', '12 mins', '12', 'USD', 1, 1, 2, '0', NULL, '', 'df dasf ds', 'f dsf sf dsfds', 0, 0, 0, 2, 0),
(16, 12, 'TEST', 'sdfdsf', '', '123', '2', '12 mins', '12', 'USD', 3, 6, 1, '1', '0', NULL, 'df dasf ds', 'f dsf sf dsfds', 0, 0, 0, 2, 0),
(17, 18, 'sakthi shop', 'sakthi shop', 'Logo_17.png', '2', '2', '5', '5', 'USD', 1, 1, 1, '0', '0', 'Restaurant_17.jpg', 'It is a long established fact that a reader will be distracted by the readable content of a page when looking at its layout. The point of using Lorem Ipsum is that it has a more-or-less normal distribution of letters, as opposed to using ''Content here, content here'', making it look like readable English', 'Nice', 0, 0, 0, 1, 0),
(18, 17, 'asdas', 'dasdsa', '', '122', '1,3', '324', '12', 'USD', 1, 1, 1, '0', '0', '', 'sdfdf', 'asd ad as', 0, 0, 0, 2, 324),
(21, 18, 'dfg', 'dfg', 'Logo_21.png', '1', '1', '2', '2', 'USD', 1, 1, 1, '0', '0', 'Restaurant_21.png', 'dfs df', 's dfds ', 0, 0, 0, 2, 123),
(22, 18, 'chines erestaurantdsfsdfdasfdasf', 'chines erestaurantdasfdsfdasfds', 'Logo_22.jpg', '10', '2,3', '11', '5', 'USD', 1, 2, 3, '0', '0', 'Restaurant_22.jpg', 'zczxczxczxc', 'zxczxczxc', 0, 0, 0, 1, 1),
(23, 2, 'Pofi', 'Pofi', NULL, '2', '2', '23', '23', 'USD', 3, 5, 17, '0', NULL, NULL, 'fresh restaurant fresh restaurantfresh restaurantfresh restaurantfresh restaurantfresh restaurantfresh restaurantfresh restaurantfresh restaurant', 'fresh restaurantfresh restaurantfresh restaurantfresh restaurantfresh restaurantfresh restaurant', 0, 0, 0, 1, 0),
(24, 19, 'venugopal1', 'venugopal1', NULL, '2', '1', '2 hours', '22', 'USD', 1, 1, 1, '0', NULL, NULL, 'venugopal1venugopal1venugopal1venugopal1', 'venugopal1venugopal1venugopal1venugopal1', 0, 0, 0, 1, 0),
(25, 20, 'GDvenugopal1', 'GDvenugopal1', NULL, '2', '4', '3', '3', 'USD', 1, 2, 13, '0', NULL, NULL, 'GDvenugopal1GDvenugopal1GDvenugopal1GDvenugopal1GDvenugopal1GDvenugopal1GDvenugopal1GDvenugopal1GDvenugopal1', 'GDvenugopal1GDvenugopal1GDvenugopal1GDvenugopal1GDvenugopal1GDvenugopal1GDvenugopal1GDvenugopal1GDvenugopal1GDvenugopal1GDvenugopal1', 0, 0, 0, 1, 0),
(26, 17, 'test', 'test', NULL, '43', '4', '22', '22', 'USD', 5, 4, 7, '0', NULL, NULL, 'testtesttesttesttesttesttesttesttesttesttesttesttesttesttesttesttesttesttesttesttesttesttesttesttesttesttesttesttesttesttesttesttesttesttesttesttesttesttesttesttesttesttesttesttesttesttesttesttesttesttesttesttesttesttesttesttesttesttesttesttesttesttesttesttesttesttesttestv', 'testtesttesttesttesttesttesttesttesttesttesttesttesttesttesttesttesttesttesttesttesttesttesttesttesttesttesttesttesttesttesttesttesttesttesttesttesttesttesttesttesttesttesttesttesttesttest', 0, 0, 0, 1, 0),
(27, 21, 'aammavaammava', 'ammavaammava', NULL, '2', '4', '22', '22', 'USD', 3, 6, 19, '1', NULL, NULL, 'ammavaammavaammavaammavaammavaammavaammavaammava   ammavaammavaammavaammavaammavaammava', 'ammavaammavaammavaammavaammavaammavaammavaammava  ammavaammavaammava', 0, 0, 0, 1, 0);

-- --------------------------------------------------------

--
-- Table structure for table `tb_restaurant_table_assign`
--

CREATE TABLE `tb_restaurant_table_assign` (
  `restaurant_table_assign_id` int(10) NOT NULL,
  `restaurant_main_id` int(10) NOT NULL,
  `restaurant_table_name` varchar(255) NOT NULL,
  `restaurant_table_capacity` int(10) NOT NULL,
  `restaurant_table_status` int(10) NOT NULL
) ENGINE=InnoDB DEFAULT CHARSET=latin1;

--
-- Dumping data for table `tb_restaurant_table_assign`
--

INSERT INTO `tb_restaurant_table_assign` (`restaurant_table_assign_id`, `restaurant_main_id`, `restaurant_table_name`, `restaurant_table_capacity`, `restaurant_table_status`) VALUES
(1, 12, 'table', 5, 0),
(2, 18, 'table', 324, 0),
(3, 19, 'table', 0, 0),
(5, 21, 'table', 123, 0),
(6, 22, 'table', 1, 0),
(7, 23, 'table', 0, 0),
(8, 24, 'table', 0, 0),
(9, 25, 'table', 0, 0),
(10, 26, 'table', 0, 0),
(11, 27, 'table', 0, 0);

-- --------------------------------------------------------

--
-- Table structure for table `tb_restaurant_working_hours`
--

CREATE TABLE `tb_restaurant_working_hours` (
  `id` int(10) NOT NULL,
  `working_restaurant_id` int(10) DEFAULT NULL,
  `days_name` text,
  `opening_hour` text,
  `closing_hour` text,
  `working_status` int(10) DEFAULT NULL
) ENGINE=InnoDB DEFAULT CHARSET=latin1;

--
-- Dumping data for table `tb_restaurant_working_hours`
--

INSERT INTO `tb_restaurant_working_hours` (`id`, `working_restaurant_id`, `days_name`, `opening_hour`, `closing_hour`, `working_status`) VALUES
(1, 9, 'sunday', '09.00', '20.00', 1),
(2, 9, 'monday', '09.00', '20.00', 1),
(3, 9, 'tuesday', '09.00', '20.00', 1),
(4, 9, 'wednesday', '09.00', '20.00', 1),
(5, 9, 'thursday', '09.00', '20.00', 1),
(6, 9, 'friday', '09.00', '20.00', 1),
(7, 9, 'saturday', '09.00', '20.00', 1),
(8, 10, 'sunday', '02.00', '18.00', 1),
(9, 10, 'monday', '08.00', '18.00', 1),
(10, 10, 'tuesday', '08.00', '18.00', 1),
(11, 10, 'wednesday', '08.00', '18.00', 1),
(12, 10, 'thursday', '08.00', '17.00', 1),
(13, 10, 'friday', '08.00', '17.00', 1),
(14, 10, 'saturday', '08.00', '18.00', 1),
(15, 11, 'Sunday', 'Closed', 'Closed', 1),
(16, 11, 'Monday', '04.00', '15.00', 1),
(17, 11, 'Tuesday', '08.00', '14.00', 1),
(18, 11, 'Wednesday', '06.00', '18.00', 1),
(19, 11, 'Thursday', '02.00 ', '16.00', 1),
(20, 11, 'Friday', '07.00', '17.00', 1),
(21, 11, 'Saturday', '12.00', '17.00', 1),
(22, 12, 'Sunday', 'Closed', 'Closed', 1),
(23, 12, 'Monday', '01.00', '23.00', 1),
(24, 12, 'Tuesday', '10.00', '23.00', 1),
(25, 12, 'Wednesday', '07.00', '06.00', 1),
(26, 12, 'Thursday', '08.00', '07.00', 1),
(27, 12, 'Friday', '04.00', '23.00', 1),
(28, 12, 'Saturday', 'Closed', 'Closed', 1),
(29, 13, 'sunday', '01.00', '17.00', 1),
(30, 13, 'monday', '02.00', '18.00', 1),
(31, 13, 'tuesday', '01.00', '17.00', 1),
(32, 13, 'wednesday', '02.00', '18.00', 1),
(33, 13, 'thursday', '', '', 1),
(34, 13, 'friday', '', '', 1),
(35, 13, 'saturday', '', '', 1),
(36, 14, 'sunday', '', '', 1),
(37, 14, 'monday', '', '', 1),
(38, 14, 'tuesday', '', '', 1),
(39, 14, 'wednesday', '', '', 1),
(40, 14, 'thursday', '', '', 1),
(41, 14, 'friday', '', '', 1),
(42, 14, 'saturday', '', '', 1),
(43, 15, 'sunday', '03.00', '17.00', 1),
(44, 15, 'monday', '02.00', '18.00', 1),
(45, 15, 'tuesday', '00.00', '23.00', 1),
(46, 15, 'wednesday', '00.00', '23.00', 1),
(47, 15, 'thursday', '01.00', '23.00', 1),
(48, 15, 'friday', '01.00', '23.00', 1),
(49, 15, 'saturday', '13.00', '23.00', 1),
(50, 16, 'Sunday', 'Closed', 'Closed', 1),
(51, 16, 'Monday', '02.00 ', '18.00', 1),
(52, 16, 'Tuesday', '00.00', '23.00', 1),
(53, 16, 'Wednesday', '00.00', '23.00', 1),
(54, 16, 'Thursday', '01.00', '23.00', 1),
(55, 16, 'Friday', '01.00', '23.00', 1),
(56, 16, 'Saturday', '13.00', '23.00', 1),
(57, 17, 'sunday', '10.00', '13.00', 1),
(58, 17, 'monday', '10.00', '18.00', 1),
(59, 17, 'tuesday', '10.00', '18.00', 1),
(60, 17, 'wednesday', '10.00', '18.00', 1),
(61, 17, 'thursday', '10.00', '18.00', 1),
(62, 17, 'friday', '10.00', '18.00', 1),
(63, 17, 'saturday', '10.00', '18.00', 1),
(64, 18, 'sunday', '', '', 1),
(65, 18, 'monday', '', '', 1),
(66, 18, 'tuesday', '', '', 1),
(67, 18, 'wednesday', '', '', 1),
(68, 18, 'thursday', '', '', 1),
(69, 18, 'friday', '', '', 1),
(70, 18, 'saturday', '', '', 1),
(71, 19, 'sunday', '', '', 1),
(72, 19, 'monday', '', '', 1),
(73, 19, 'tuesday', '', '', 1),
(74, 19, 'wednesday', '', '', 1),
(75, 19, 'thursday', '', '', 1),
(76, 19, 'friday', '', '', 1),
(77, 19, 'saturday', '', '', 1),
(85, 21, 'sunday', '00.00', '00.00', 1),
(86, 21, 'monday', '00.00', '00.00', 1),
(87, 21, 'tuesday', '00.00', '00.00', 1),
(88, 21, 'wednesday', '00.00', '00.00', 1),
(89, 21, 'thursday', '00.00', '00.00', 1),
(90, 21, 'friday', '00.00', '00.00', 1),
(91, 21, 'saturday', '00.00', '00.00', 1),
(92, 22, 'sunday', '10.00', '14.00', 1),
(93, 22, 'monday', '10.00', '18.00', 1),
(94, 22, 'tuesday', '10.00', '18.00', 1),
(95, 22, 'wednesday', '10.00', '18.00', 1),
(96, 22, 'thursday', '10.00', '18.00', 1),
(97, 22, 'friday', '10.00', '18.00', 1),
(98, 22, 'saturday', '10.00', '18.00', 1),
(99, 23, 'sunday', '00.00', '00.00', 1),
(100, 23, 'monday', '00.00', '00.00', 1),
(101, 23, 'tuesday', '00.00', '00.00', 1),
(102, 23, 'wednesday', '00.00', '00.00', 1),
(103, 23, 'thursday', '00.00', '00.00', 1),
(104, 23, 'friday', '00.00', '00.00', 1),
(105, 23, 'saturday', '00.00', '00.00', 1),
(106, 24, 'sunday', '00.00', '20.00', 1),
(107, 24, 'monday', '00.00', '15.00', 1),
(108, 24, 'tuesday', '00.00', '10.00', 1),
(109, 24, 'wednesday', '00.00', '18.00', 1),
(110, 24, 'thursday', '00.00', '18.00', 1),
(111, 24, 'friday', '00.00', '14.00', 1),
(112, 24, 'saturday', '00.00', '19.00', 1),
(113, 25, 'sunday', '00.00', '19.00', 1),
(114, 25, 'monday', '00.00', '13.00', 1),
(115, 25, 'tuesday', '00.00', '15.00', 1),
(116, 25, 'wednesday', '00.00', '14.00', 1),
(117, 25, 'thursday', '00.00', '15.00', 1),
(118, 25, 'friday', '00.00', '18.00', 1),
(119, 25, 'saturday', '00.00', '17.00', 1),
(120, 26, 'sunday', '00.00', '20.00', 1),
(121, 26, 'monday', '00.00', '21.00', 1),
(122, 26, 'tuesday', '00.00', '19.00', 1),
(123, 26, 'wednesday', '00.00', '19.00', 1),
(124, 26, 'thursday', '00.00', '18.00', 1),
(125, 26, 'friday', '00.00', '17.00', 1),
(126, 26, 'saturday', '00.00', '19.00', 1),
(127, 27, 'sunday', '00.00', '18.00', 1),
(128, 27, 'monday', '00.00', '13.00', 1),
(129, 27, 'tuesday', '00.00', '09.00', 1),
(130, 27, 'wednesday', '00.00', '12.00', 1),
(131, 27, 'thursday', '00.00', '05.00', 1),
(132, 27, 'friday', '00.00', '17.00', 1),
(133, 27, 'saturday', '00.00', '19.00', 1);

-- --------------------------------------------------------

--
-- Table structure for table `tb_review_management`
--

CREATE TABLE `tb_review_management` (
  `review_id` int(10) NOT NULL,
  `review_item_id` int(11) NOT NULL,
  `review_restaurant_id` int(10) NOT NULL,
  `review_customer_id` int(11) NOT NULL,
  `review_comments` text NOT NULL,
  `review_ratings` varchar(255) NOT NULL,
  `review_status` int(10) NOT NULL COMMENT '0-block,1-un-block,2-delete',
  `review_about` enum('ITEM','RESTAURANT') NOT NULL,
  `posted_date` varchar(255) NOT NULL,
  `review_vendor_id` int(11) NOT NULL
) ENGINE=InnoDB DEFAULT CHARSET=latin1;

--
-- Dumping data for table `tb_review_management`
--

INSERT INTO `tb_review_management` (`review_id`, `review_item_id`, `review_restaurant_id`, `review_customer_id`, `review_comments`, `review_ratings`, `review_status`, `review_about`, `posted_date`, `review_vendor_id`) VALUES
(1, 54, 0, 13, 'test ', '3', 1, 'ITEM', '1502544342', 0),
(2, 0, 12, 0, 'test', '3', 0, 'RESTAURANT', '1503584973', 0),
(3, 0, 12, 13, 'test reviwe', '5', 1, 'RESTAURANT', '1503585353', 0),
(4, 0, 12, 30, 'It is a long established fact that a reader will be distracted by the readable content of a page when looking at its layout. The point of using Lorem Ipsum is that it has a more-or-less normal distribution of letters, as opposed to using ''Content here, content here'', making it look like readable English', '5', 1, 'RESTAURANT', '1504088492', 0),
(5, 51, 0, 13, 'tests', '4', 1, 'ITEM', '1504180997', 0),
(6, 51, 0, 13, 'is simply dummy text of the printing and typesetting industry. Lorem Ipsum has been the industry''s standard dummy text ever since the 1500s, when an unknown printer took a galley of type and scrambled it to make a type specimen book', '3', 1, 'ITEM', '1504254531', 0),
(7, 51, 0, 13, 'making it look like readable English. Many desktop publishing packages and web page editors now use Lorem Ipsum as their default model text, and a search for ''lorem ipsum'' will uncover many web sites still in their infancy. Various versions have evolved over the years, sometimes by accident, sometimes on purpose (injected humour and the like).', '4', 1, 'ITEM', '1504271553', 10),
(8, 50, 0, 13, ' Many desktop publishing packages and web page editors now use Lorem Ipsum as their default model text, and a search for ''lorem ipsum'' will uncover many web sites still in their infancy. Various versions have evolved over the years, sometimes by accident, sometimes on purpose (injected humour and the like).\n\n', '5', 1, 'ITEM', '1504274070', 10),
(9, 64, 0, 13, 'test 3 star', '3', 0, 'ITEM', '1504274070', 10),
(10, 64, 0, 13, 'test 4 ', '4', 0, 'ITEM', '1507105123', 10),
(11, 64, 0, 13, 'sdasd', '3', 0, 'ITEM', '1507368660', 10),
(12, 64, 0, 13, 'dsfsfdsf', ' ', 0, 'ITEM', '1507369286', 10),
(13, 64, 0, 13, '1.sd fds fs\n2.\n dsfsdf dsf\n3\nsdf sdfdsf', '3', 1, 'ITEM', '1507370050', 10),
(14, 64, 0, 13, '1.sd fdsf \n2.s f dsfds f\ndsfsdf\n\ndsfdsfdsf', '2', 0, 'ITEM', '1507370329', 10),
(15, 0, 12, 13, '1.Nice Store\n2.Good\n3. Better Food', '2', 1, 'RESTAURANT', '1507633247', 10),
(16, 0, 12, 47, 'Micheal Review', '4', 0, 'RESTAURANT', '1507729447', 10),
(17, 0, 12, 47, 'Micheal Review', '4', 0, 'RESTAURANT', '1507729482', 10),
(18, 0, 12, 47, 'Dummy text is text that is used in the publishing industry or by web designers to occupy the space which will later be filled with ''real'' content. This is required when, for example, the final text is not yet available. Dummy text is also known as ''fill text''. It is said that song composers of the past used dummy texts as lyrics when writing melodies in order to have a ''ready-made'' text to sing with the melody. Dummy texts have been in use by typesetters since the 16th century.', ' ', 1, 'RESTAURANT', '1508480613', 10),
(19, 0, 12, 47, 'Dummy text is text that is used in the publishing industry or by web designers to occupy the space which will later be filled with ''real'' content. This is required when, for example, the final text is not yet available. Dummy text is also known as ''fill text''. It is said that song composers of the past used dummy texts as lyrics when writing melodies in order to have a ''ready-made'' text to sing with the melody. Dummy texts have been in use by typesetters since the 16th century.', ' ', 1, 'RESTAURANT', '1508480745', 10),
(20, 0, 12, 47, 'According to most sources, Lorum Ipsum can be traced back to a text composed by Cicero in 45 BC. Allegedly, a Latin scholar established the origin of the text by compiling all the instances of the unusual word ''consectetur'' he could find and eventually recognized it as a passage from ''De finibus bonorum et malorum'' (On the extremes of Good and Evil) by Cicero, a book that was very popular in the Middle Ages: "Neque porro quisquam est, qui dolorem ipsum, quia dolor sit, amet, consectetur, adipisci velit... " (Approximately: "Nor is there anyone who loves or pursues or desires to obtain pain of itself, because it is pain..."). A typical Lorem Ipsum text goes like this: "Lorem ipsum dolor sit amet, consectetur adipisici elit, sed eiusmod tempor incidunt ut labore et dolore magna aliqua. Ut enim ad minim ...".', ' ', 1, 'RESTAURANT', '1508495738', 10),
(21, 59, 0, 47, 'asfadfas', '4', 0, 'ITEM', '1508506085', 10),
(22, 59, 0, 47, 'ragul review', '4', 0, 'ITEM', '1508506127', 10);

-- --------------------------------------------------------

--
-- Table structure for table `tb_shipping_details`
--

CREATE TABLE `tb_shipping_details` (
  `shipping_id` int(11) NOT NULL,
  `shipping_order_id` int(10) NOT NULL,
  `shipping_customer_id` int(10) NOT NULL,
  `shipping_city` varchar(255) NOT NULL,
  `shipping_location` varchar(255) NOT NULL,
  `shipping_phone` varchar(255) NOT NULL,
  `shipping_email` varchar(255) NOT NULL,
  `shipping_status` int(10) NOT NULL COMMENT '0-block,1-un-block,2-Delete',
  `shipping_street` varchar(256) NOT NULL,
  `shipping_floor` varchar(256) NOT NULL,
  `shipping_direction` varchar(256) NOT NULL,
  `shipping_addresstitle` varchar(256) NOT NULL,
  `shipping_building` varchar(256) NOT NULL,
  `shipping_appartmentno` varchar(256) NOT NULL,
  `shipping_office` varchar(256) NOT NULL,
  `shipping_house` varchar(256) NOT NULL,
  `shipping_address_type` enum('A','H','O') NOT NULL,
  `shipping_transaction_id` varchar(256) NOT NULL
) ENGINE=InnoDB DEFAULT CHARSET=latin1;

--
-- Dumping data for table `tb_shipping_details`
--

INSERT INTO `tb_shipping_details` (`shipping_id`, `shipping_order_id`, `shipping_customer_id`, `shipping_city`, `shipping_location`, `shipping_phone`, `shipping_email`, `shipping_status`, `shipping_street`, `shipping_floor`, `shipping_direction`, `shipping_addresstitle`, `shipping_building`, `shipping_appartmentno`, `shipping_office`, `shipping_house`, `shipping_address_type`, `shipping_transaction_id`) VALUES
(1, 1, 16, '1', '1', '9688393304', 'kathirvel@pofitec.com', 0, 'udumalpet', '', 'Broadway', 'coimbatore', '', '', '', 'udumalpet', 'H', 'ORDERjgVs4vJMdQ'),
(2, 2, 16, '1', '1', '9688393304', 'kathirvel@pofitec.com', 0, 'udumalpet', '', 'Broadway', 'coimbatore', '', '', '', 'udumalpet', 'H', 'ORDERjgVs4vJMdQ'),
(3, 3, 16, '1', '1', '9688393304', 'kathirvel@pofitec.com', 0, 'udumalpet', '', 'Broadway', 'coimbatore', '', '', '', 'udumalpet', 'H', 'ORDERjgVs4vJMdQ'),
(4, 4, 16, '1', '1', '9688393304', 'kathirvel@pofitec.com', 0, 'udumalpet', '', 'Broadway', 'coimbatore', '', '', '', 'udumalpet', 'H', 'ORDERjgVs4vJMdQ'),
(5, 5, 16, '1', '1', '9688393304', 'kathirvel@pofitec.com', 0, 'udumalpet', '', '\r\ncbe', 'Broadway', '', '', '', 'test', 'H', 'ORDERiHvuS4stkl'),
(6, 6, 16, '1', '1', '9688393304', 'kathirvel@pofitec.com', 0, 'Broadway', '', 'Broadway', 'Broadway', '', '', '', 'test', 'H', 'ORDEROxLUarY9ZU'),
(7, 7, 16, '1', '1', '9688393304', 'kathirvel@pofitec.com', 0, 'Broadway', '', 'Broadway', 'Broadway', '', '', '', 'test', 'H', 'ORDERSP1zS8MraB'),
(8, 8, 16, '1', '1', '9852367412', 'kathirvel@pofitec.com', 0, 'udumalpet', '', 'udumalpet', 'udumalpet', '', '', '', 'test', 'H', 'ORDERQLnVHcuuty'),
(9, 9, 13, '1', '1', '9498056637', 'vinodbabu@pofitec.com', 0, 'gupta street', 'DFFDF', 'near city towers', 'sri home', '25a', 'dffgfg', '', '', 'A', 'ORDERV2PNwK3CTm'),
(10, 10, 13, '1', '1', '9498056637', 'vinodbabu@pofitec.com', 0, 'gupta street', 'DFFDF', 'near city towers', 'sri home', '25a', 'dffgfg', '', '', 'H', 'ORDERsAONF4PAMv'),
(11, 11, 13, '1', '1', '9498056637', 'vinodbabu@pofitec.com', 0, 'gupta street', 'DFFDF', 'near city towers', 'sri home', '25a', 'dffgfg', '', '', 'H', 'ORDERsAONF4PAMv'),
(12, 12, 13, '1', '1', '9498056637', 'vinodbabu@pofitec.com', 0, 'gupta street', 'DFFDF', 'near city towers', 'sri home', '25a', 'dffgfg', '', '', 'H', 'ORDERctmMz90nKr'),
(13, 13, 13, '1', '1', '9498056637', 'vinodbabu@pofitec.com', 0, 'gupta street', 'DFFDF', 'near city towers', 'sri home', '25a', 'dffgfg', '', '', 'H', 'ORDERctmMz90nKr'),
(14, 14, 13, '1', '1', '9498056637', 'vinodbabu@pofitec.com', 0, 'gupta street', 'DFFDF', 'near city towers', 'sri home', '25a', 'dffgfg', '', '', 'H', 'ORDERKm3mBcD3h3'),
(15, 15, 13, '1', '1', '9498056637', 'vinodbabu@pofitec.com', 0, 'gupta street', 'DFFDF', 'near city towers', 'sri home', '25a', 'dffgfg', '', '', 'H', 'ORDERKm3mBcD3h3'),
(16, 16, 13, '1', '1', '9498056637', 'vinodbabu@pofitec.com', 0, 'gupta street', 'DFFDF', 'near city towers', 'sri home', '25a', 'dffgfg', '', '', 'H', 'ORDERcard_1ArRs4JsVsdwpJBfq1aSggrQ'),
(17, 17, 13, '1', '1', '9498056637', 'vinodbabu@pofitec.com', 0, 'gupta street', 'DFFDF', 'near city towers', 'sri home', '25a', 'dffgfg', '', '', 'H', 'ORDERcard_1ArRs4JsVsdwpJBfq1aSggrQ'),
(18, 18, 13, '1', '1', '9498056637', 'vinodbabu@pofitec.com', 0, 'gupta street', '', 'near city towers', 'sri home', '', '', '', 'test house', 'H', 'ORDERcard_1AvhxpJsVsdwpJBfAhZjlKwQ'),
(19, 19, 13, '1', '1', '9498056637', 'vinodbabu@pofitec.com', 0, 'gupta street', '', 'near city towers', 'sri home', '', '', '', 'test house', 'H', 'PAY-4UK17141CE234071NLGR6BKQ'),
(20, 20, 13, '1', '1', '9498056637', 'vinodbabu@pofitec.com', 0, 'gupta street', '', 'near city towers', 'sri home', '', '', '', 'test house', 'H', 'PAY-94B39594GB061863BLGR6M2Q'),
(21, 21, 13, '1', '1', '9498056637', 'vinodbabu@pofitec.com', 0, 'gupta street', '', 'near city towers', 'sri home', '', '', '', 'test house', 'H', 'ORDERcard_1AvkhHJsVsdwpJBfzY61RCoe'),
(22, 22, 13, '1', '1', '9498056637', 'vinodbabu@pofitec.com', 0, 'gupta street', '', 'near city towers', 'sri home', '', '', '', 'test house', 'H', 'ORDERcard_1AvkmTJsVsdwpJBfBQLtkiZp'),
(23, 23, 13, '1', '1', '9498056637', 'vinodbabu@pofitec.com', 0, 'gupta street', '', 'near city towers', 'sri home', '', '', '', 'test house', 'H', 'PAY-4ER566974D4014849LGSADWI'),
(24, 24, 13, '1', '1', '9498056637', 'vinodbabu@pofitec.com', 0, 'gupta street', '', 'near city towers', 'sri home', '', '', '', 'test house', 'H', 'PAY-4ER566974D4014849LGSADWI'),
(25, 25, 13, '1', '1', '9498056637', 'vinodbabu@pofitec.com', 0, 'gupta street', '', 'near city towers', 'sri home', '', '', '', 'test house', 'H', 'ORDERhLTq93DViu'),
(26, 26, 30, '1', '1', '9944349002', 'ragul@gmail.com', 0, 'Sengupta', '2', 'No 144 ,Sengupta', 'Business Zone', 'Business Zone', '', 'Business Zone', '', 'O', 'ORDERq6gGAUzrui'),
(27, 27, 30, '1', '1', '9944349002', 'ragul@gmail.com', 0, 'Sengupta', '2', 'No 144 ,Sengupta', 'Business Zone', 'Business Zone', '', 'Business Zone', '', 'O', 'ORDERq6gGAUzrui'),
(28, 28, 30, '1', '1', '99443490029002', 'ragul@gmail.com', 0, 'Sengupta', '2', 'No 144 ,Sengupta', 'Business Zone', 'Business Zone', '', 'Business Zone', '', 'O', 'ORDERSxvSREUclE'),
(29, 29, 30, '1', '1', '99443490029002', 'ragul@gmail.com', 0, 'Sengupta', '2', 'No 144 ,Sengupta', 'Business Zone', 'Business Zone', '', 'Business Zone', '', 'O', 'ORDERSxvSREUclE'),
(30, 30, 13, '1', '1', '9498056637', 'vinodbabu@pofitec.com', 0, 'gupta street', '', 'near city towers', 'sri home', '', '', '', 'test house', 'H', 'ORDERTxj4KRISCd'),
(31, 31, 13, '1', '1', '9498056637', 'vinodbabu@pofitec.com', 0, 'gupta street', '', 'near city towers', 'sri home', '', '', '', 'test house', 'H', 'ORDERTxj4KRISCd'),
(32, 32, 13, '1', '1', '9498056637', 'vinodbabu@pofitec.com', 0, 'gupta street', '', 'near city towers', 'sri home', '', '', '', 'test house', 'H', 'ORDERTxj4KRISCd'),
(33, 33, 13, '1', '1', '9498056637', 'vinodbabu@pofitec.com', 0, 'gupta street', '', 'near city towers', 'sri home', '', '', '', 'test house', 'H', 'ORDERqZ8c5o3EVV'),
(34, 34, 29, '1', '1', '9092398789', 'kailashkumar.r@pofitec.com', 0, 'yyyyyy', 'sfsf', 'xczxczxczc', 'xxxxx', 'dsfsdf', '22', '', '', 'A', 'ORDERCx4LZihUOo'),
(35, 35, 29, '1', '1', '+919092398789', 'kailashkumar.r@pofitec.com', 0, 'yyyyyy', 'sfsf', 'xczxczxczc', 'xxxxx', 'dsfsdf', '22', '', '', 'A', 'ORDERrrgzeSfG59'),
(36, 36, 13, '1', '1', '9498056637', 'vinodbabu@pofitec.com', 0, 'gupta street', '2', 'near city towers', 'sri home', 'ey5etrytre', 'rtytreytre', '', '', 'A', 'ORDER4xUEMB46ui'),
(37, 37, 13, '1', '1', '9498056637', 'vinodbabu@pofitec.com', 0, 'gupta street', '2', 'near city towers', 'sri home', 'ey5etrytre', 'rtytreytre', '', '', 'A', 'ORDER4xUEMB46ui'),
(38, 38, 29, '1', '1', '+919092398789', 'kailashkumar.r@pofitec.com', 0, 'yyyyyy', '45', 'xczxczxczc', 'xxxxx', 'czczxc', '25', '', '', 'A', 'ORDERzGtZHXS7z7'),
(39, 39, 13, '1', '1', '+919092398789', 'vinodbabu@pofitec.com', 0, 'gupta street', '2', 'near city towers', 'sri home', 'ey5etrytre', 'rtytreytre', '', '', 'A', 'ORDERIHRNlLmxvK'),
(40, 40, 13, '1', '1', '+919092398789', 'vinodbabu@pofitec.com', 0, 'gupta street', '2', 'near city towers', 'sri home', 'ey5etrytre', 'rtytreytre', '', '', 'A', 'ORDERIHRNlLmxvK'),
(41, 41, 67, '1', '1', '9790417157', 'vinodbabu@pofitec.com', 0, 'test', '', 'test', 'test', '', '', '', 'test house', 'H', 'ORDERcard_1BBM7mJsVsdwpJBfI0dyikSd'),
(42, 42, 67, '1', '1', '9790417157', 'vinodbabu@pofitec.com', 0, 'test', '', 'test', 'test', '', '', '', 'test house', 'H', 'ORDERcard_1BBM7mJsVsdwpJBfI0dyikSd'),
(43, 43, 67, '1', '1', '9790417157', 'vinodbabu@pofitec.com', 0, 'test', '', 'test', 'test', '', '', '', 'test house', 'H', 'ORDERcard_1BBM7mJsVsdwpJBfI0dyikSd'),
(44, 44, 47, '1', '1', '9944349002', 'ragulgandhi@pofitec.com', 0, 'Sengupta street', '2', '144, Sengupta street,\r\nRamnager,\r\nGandhipuram', 'White House', '1', '', '1', '', 'O', 'ORDERbS9fZki5L5'),
(45, 45, 47, '1', '1', '9944349002', 'ragulgandhi@pofitec.com', 0, 'Sengupta street', '2', '144, Sengupta street,\r\nRamnager,\r\nGandhipuram', 'White House', '1', '', '1', '', 'O', 'ORDERbS9fZki5L5'),
(46, 46, 47, '1', '1', '9944349002', 'ragulgandhi@pofitec.com', 0, 'Sengupta street', '2', '144, Sengupta street,\r\nRamnager,\r\nGandhipuram', 'White House', '1', '', '1', '', 'O', 'ORDERbS9fZki5L5'),
(47, 47, 47, '1', '1', '9944349002', 'ragulgandhi@pofitec.com', 0, 'Sengupta street', '2', '144, Sengupta street,\r\nRamnager,\r\nGandhipuram', 'White House', '1', '', '1', '', 'O', 'ORDERg98SSazPj5'),
(48, 48, 47, '1', '1', '9944349002', 'ragulgandhi@pofitec.com', 0, 'Sengupta street', '2', '144, Sengupta street,\r\nRamnager,\r\nGandhipuram', 'White House', '1', '', '1', '', 'O', 'ORDERg98SSazPj5'),
(49, 49, 47, '1', '1', '9944349002', 'ragulgandhi@pofitec.com', 0, 'Sengupta street', '2', '144, Sengupta street,\r\nRamnager,\r\nGandhipuram', 'White House', '1', '', '1', '', 'O', 'ORDERg98SSazPj5');

-- --------------------------------------------------------

--
-- Table structure for table `tb_sub_admin`
--

CREATE TABLE `tb_sub_admin` (
  `sub_admin_id` int(11) NOT NULL,
  `sub_admin_name` varchar(256) NOT NULL,
  `sub_admin_email` varchar(256) NOT NULL,
  `sub_admin_mobile_no` bigint(20) NOT NULL,
  `password` varchar(512) NOT NULL,
  `sub_admin_privileges` text NOT NULL,
  `admin_address` text NOT NULL,
  `admin_country_id` int(11) NOT NULL,
  `admin_city_id` int(11) NOT NULL,
  `sub_admin_status` int(1) NOT NULL COMMENT '0-block,1-Unblock,2-delete'
) ENGINE=InnoDB DEFAULT CHARSET=latin1;

--
-- Dumping data for table `tb_sub_admin`
--

INSERT INTO `tb_sub_admin` (`sub_admin_id`, `sub_admin_name`, `sub_admin_email`, `sub_admin_mobile_no`, `password`, `sub_admin_privileges`, `admin_address`, `admin_country_id`, `admin_city_id`, `sub_admin_status`) VALUES
(1, 'dsfds', 'test@gmailc.om', 9786543210, 'e10adc3949ba59abbe56e057f20f883e', 'a:1:{s:8:"Settings";a:1:{i:0;s:1:"0";}}', '', 1, 1, 2),
(2, 'dsfdsf', 'test1@gmailc.om', 9876543210, 'e10adc3949ba59abbe56e057f20f883e', 'a:23:{s:8:"Settings";a:2:{i:0;s:1:"0";i:1;s:1:"1";}s:14:"Image-settings";a:2:{i:0;s:1:"1";i:1;s:1:"2";}s:7:"Country";a:1:{i:0;s:1:"2";}s:4:"City";a:1:{i:0;s:1:"3";}s:8:"Location";a:1:{i:0;s:1:"2";}s:8:"Language";a:1:{i:0;s:1:"1";}s:7:"Cuisine";a:1:{i:0;s:1:"0";}s:7:"Choices";a:1:{i:0;s:1:"1";}s:4:"Item";a:1:{i:0;s:1:"2";}s:8:"Category";a:1:{i:0;s:1:"3";}s:3:"CMS";a:1:{i:0;s:1:"2";}s:13:"Advertisement";a:1:{i:0;s:1:"1";}s:6:"Banner";a:1:{i:0;s:1:"0";}s:8:"Customer";a:1:{i:0;s:1:"1";}s:6:"Vendor";a:1:{i:0;s:1:"2";}s:14:"DeliveryPerson";a:1:{i:0;s:1:"3";}s:10:"Restaurant";a:1:{i:0;s:1:"2";}s:5:"Order";a:1:{i:0;s:1:"1";}s:10:"Commission";a:1:{i:0;s:1:"0";}s:8:"Shipping";a:1:{i:0;s:1:"1";}s:11:"Transaction";a:1:{i:0;s:1:"2";}s:8:"SubAdmin";a:1:{i:0;s:1:"3";}s:10:"Newsletter";a:1:{i:0;s:1:"2";}}', '', 1, 1, 0),
(3, 'kailash', 'kailash@gmail.com', 1234567890, 'e10adc3949ba59abbe56e057f20f883e', 'a:21:{s:7:"Country";a:4:{i:0;s:1:"0";i:1;s:1:"1";i:2;s:1:"2";i:3;s:1:"3";}s:4:"City";a:4:{i:0;s:1:"0";i:1;s:1:"1";i:2;s:1:"2";i:3;s:1:"3";}s:8:"Location";a:4:{i:0;s:1:"0";i:1;s:1:"1";i:2;s:1:"2";i:3;s:1:"3";}s:8:"Language";a:4:{i:0;s:1:"0";i:1;s:1:"1";i:2;s:1:"2";i:3;s:1:"3";}s:7:"Cuisine";a:4:{i:0;s:1:"0";i:1;s:1:"1";i:2;s:1:"2";i:3;s:1:"3";}s:7:"Choices";a:4:{i:0;s:1:"0";i:1;s:1:"1";i:2;s:1:"2";i:3;s:1:"3";}s:10:"SubChoices";a:4:{i:0;s:1:"0";i:1;s:1:"1";i:2;s:1:"2";i:3;s:1:"3";}s:4:"Item";a:4:{i:0;s:1:"0";i:1;s:1:"1";i:2;s:1:"2";i:3;s:1:"3";}s:8:"Category";a:4:{i:0;s:1:"0";i:1;s:1:"1";i:2;s:1:"2";i:3;s:1:"3";}s:3:"CMS";a:4:{i:0;s:1:"0";i:1;s:1:"1";i:2;s:1:"2";i:3;s:1:"3";}s:13:"Advertisement";a:4:{i:0;s:1:"0";i:1;s:1:"1";i:2;s:1:"2";i:3;s:1:"3";}s:6:"Banner";a:4:{i:0;s:1:"0";i:1;s:1:"1";i:2;s:1:"2";i:3;s:1:"3";}s:8:"Customer";a:4:{i:0;s:1:"0";i:1;s:1:"1";i:2;s:1:"2";i:3;s:1:"3";}s:6:"Vendor";a:4:{i:0;s:1:"0";i:1;s:1:"1";i:2;s:1:"2";i:3;s:1:"3";}s:14:"DeliveryPerson";a:4:{i:0;s:1:"0";i:1;s:1:"1";i:2;s:1:"2";i:3;s:1:"3";}s:10:"Restaurant";a:4:{i:0;s:1:"0";i:1;s:1:"1";i:2;s:1:"2";i:3;s:1:"3";}s:5:"Order";a:4:{i:0;s:1:"0";i:1;s:1:"1";i:2;s:1:"2";i:3;s:1:"3";}s:12:"TableBooking";a:4:{i:0;s:1:"0";i:1;s:1:"1";i:2;s:1:"2";i:3;s:1:"3";}s:10:"Commission";a:4:{i:0;s:1:"0";i:1;s:1:"1";i:2;s:1:"2";i:3;s:1:"3";}s:10:"Newsletter";a:4:{i:0;s:1:"0";i:1;s:1:"1";i:2;s:1:"2";i:3;s:1:"3";}s:6:"Review";a:4:{i:0;s:1:"0";i:1;s:1:"1";i:2;s:1:"2";i:3;s:1:"3";}}', 'zcxczc', 3, 5, 1),
(4, 'kumar', 'kumar@gmail.com', 9092398789, 'e10adc3949ba59abbe56e057f20f883e', 'a:7:{s:8:"Location";a:1:{i:0;s:1:"0";}s:8:"Language";a:1:{i:0;s:1:"1";}s:7:"Cuisine";a:1:{i:0;s:1:"1";}s:7:"Choices";a:3:{i:0;s:1:"0";i:1;s:1:"1";i:2;s:1:"2";}s:10:"SubChoices";a:1:{i:0;s:1:"2";}s:3:"CMS";a:1:{i:0;s:1:"0";}s:10:"Restaurant";a:1:{i:0;s:1:"0";}}', '', 0, 0, 1);

-- --------------------------------------------------------

--
-- Table structure for table `tb_table_booking_slot`
--

CREATE TABLE `tb_table_booking_slot` (
  `booking_id` int(10) NOT NULL,
  `booking_restaurant_id` int(10) NOT NULL,
  `booking_customer_id` int(10) NOT NULL,
  `booking_customer_name` varchar(255) NOT NULL,
  `booking_mobile_no` varchar(255) NOT NULL,
  `booking_date` bigint(20) NOT NULL,
  `end_booking_date` bigint(20) NOT NULL,
  `booking_no_of_persons` varchar(255) NOT NULL,
  `booking_notes` text NOT NULL,
  `added_at` datetime NOT NULL,
  `booking_status` int(10) NOT NULL COMMENT '0-pending,1-approved,2-disapproved,3-delete',
  `booking_available_status` int(2) NOT NULL DEFAULT '0' COMMENT '0->Un available,1->Available'
) ENGINE=InnoDB DEFAULT CHARSET=latin1;

--
-- Dumping data for table `tb_table_booking_slot`
--

INSERT INTO `tb_table_booking_slot` (`booking_id`, `booking_restaurant_id`, `booking_customer_id`, `booking_customer_name`, `booking_mobile_no`, `booking_date`, `end_booking_date`, `booking_no_of_persons`, `booking_notes`, `added_at`, `booking_status`, `booking_available_status`) VALUES
(10, 13, 16, 'kathir', 'kaka', 1502303400, 0, '3', 'ok', '2017-08-09 10:32:20', 1, 1),
(11, 13, 16, 'nanann', 'nnnnn', 1502303400, 0, '2', 'ok', '2017-08-09 10:34:10', 1, 1),
(12, 9, 13, 'sdfsd', '312312312312', 1502542800, 0, '1', 'sdasdsa das d', '2017-08-12 06:31:06', 1, 0),
(13, 12, 29, 'kailash', '9092398789', 1503945000, 0, '2', 'okjhjhj', '2017-08-28 11:35:12', 2, 0),
(14, 12, 29, 'hgfhgfh', '56565656', 1504031400, 0, '1', 'hgfhgfhfh', '2017-08-28 11:56:44', 0, 0),
(15, 12, 30, 'ragul gandhi', '9944349002', 1504177200, 0, '2', 'It is a long established fact that a reader will be distracted by the readable content of a page when looking at its layout. The point of using Lorem Ipsum is that it has a more-or-less normal distribution of letters, as opposed to using ''Content here, content here'', making it look like readable English', '2017-08-30 04:18:49', 0, 0),
(16, 12, 13, 'Vinod', '9876543210', 1504809000, 0, '1', 'tetw', '2017-09-07 01:42:57', 0, 0),
(17, 12, 29, 'kailash', '9092398789', 1505932200, 0, '1', 'book it', '2017-09-08 05:40:45', 0, 0),
(18, 12, 29, 'kailash', '+919092398789', 1511548200, 0, '1', 'ok', '2017-09-09 11:24:05', 0, 0),
(19, 12, 29, 'kailash', '+919092398788', 1511548200, 0, '1', 'cvcvcxvxcv', '2017-09-09 11:28:16', 0, 0);

-- --------------------------------------------------------

--
-- Table structure for table `tb_vendor`
--

CREATE TABLE `tb_vendor` (
  `id` int(10) NOT NULL,
  `vendor_name` varchar(255) NOT NULL,
  `vendor_email` text NOT NULL,
  `vendor_mobile_no` varchar(255) NOT NULL,
  `vendor_alternative_no` varchar(255) NOT NULL,
  `vendor_user_name` varchar(255) NOT NULL,
  `vendor_password` varchar(255) NOT NULL,
  `vendor_confirm_password` varchar(255) NOT NULL,
  `profile_photo` text NOT NULL,
  `return_policy` text NOT NULL,
  `vendor_currency_code` varchar(255) DEFAULT NULL,
  `vendor_paypal_account` text,
  `vendor_paypal_api_password` text,
  `vendor_paypal_api_signature` text,
  `vendor_stripe_secret_key` text,
  `vendor_stripe_publishable_key` text,
  `vendor_creditcard_key` text,
  `vendor_creditcard_publish_key` text,
  `vendor_cod` text,
  `status` int(10) NOT NULL COMMENT '0-block,1-un-block',
  `vendor_paypal` int(10) NOT NULL,
  `vendor_stripe` int(10) NOT NULL,
  `vendor_credit` int(10) NOT NULL,
  `vendor_cash_delivery` int(10) NOT NULL,
  `restaurant_assign` int(11) NOT NULL DEFAULT '0',
  `vendor_total_commission_amount` double NOT NULL,
  `vendor_balance_commission_amount` double NOT NULL
) ENGINE=InnoDB DEFAULT CHARSET=latin1;

--
-- Dumping data for table `tb_vendor`
--

INSERT INTO `tb_vendor` (`id`, `vendor_name`, `vendor_email`, `vendor_mobile_no`, `vendor_alternative_no`, `vendor_user_name`, `vendor_password`, `vendor_confirm_password`, `profile_photo`, `return_policy`, `vendor_currency_code`, `vendor_paypal_account`, `vendor_paypal_api_password`, `vendor_paypal_api_signature`, `vendor_stripe_secret_key`, `vendor_stripe_publishable_key`, `vendor_creditcard_key`, `vendor_creditcard_publish_key`, `vendor_cod`, `status`, `vendor_paypal`, `vendor_stripe`, `vendor_credit`, `vendor_cash_delivery`, `restaurant_assign`, `vendor_total_commission_amount`, `vendor_balance_commission_amount`) VALUES
(1, 'Micheal', 'micheal@pofitec.com', '801585132', '987456321', '', 'e10adc3949ba59abbe56e057f20f883e', '', 'vendor_1.jpg', '2 hours before ordered.', 'USD', 'yes', '4545454545', 'rrrrr', '', '', NULL, NULL, 'yes', 1, 0, 0, 0, 0, 1, 1.4000000000000001, 1.4000000000000001),
(2, 'Ragul', 'ragulaero@gmail.com', '9944349002', '9874563211', '', '202cb962ac59075b964b07152d234b70', '', 'vendor_2.jpg', 'No Return!', 'USD', '', '', '', NULL, NULL, NULL, NULL, 'no', 1, 0, 0, 0, 0, 1, 0, 0),
(10, 'kathir', 'kathirvel@pofitec.com', '9688393304', '9688393304', 'kaka', 'e10adc3949ba59abbe56e057f20f883e', '', 'vendor_10.jpg', 'Flexible', 'USD', 'wdqwd', 'qwdqwd', 'wdqwd', 'sk_test_h6tFcfdNBcZRkeTODqzY6h9m', 'pk_test_N4wU2duTQLV2p0JXONZ7WvRK', NULL, NULL, 'yes', 1, 1, 0, 0, 1, 1, 994.8, 991.8),
(11, 'sanjay', 'k.kathir.r@gmail.com', '9688393304', '9688393304', '', 'e10adc3949ba59abbe56e057f20f883e', '', 'vendor_11.jpg', 'regeg', 'USD', '213123', '123123', '123213', '', '', '', '', '', 1, 1, 0, 0, 1, 1, 0, 0),
(12, 'test', 'test21689@gmail.com', '97686758576575', '74757456456', '', 'e10adc3949ba59abbe56e057f20f883e', '', 'vendor_12.jpg', 'yrdy ', 'USD', 'test', 'test', 'test', '', '', '', '', '1', 1, 0, 0, 0, 1, 1, 0, 0),
(13, 'dsfds', 'dsfdsf', 'dsfds', 'dsfsfdsfs', '', '013f890e35d1b7f5e45f21e60f7863d6', '', '', 'dsfdsfdsfds', 'USD', '', '', '', NULL, NULL, NULL, NULL, NULL, 2, 0, 0, 0, 0, 0, 0, 0),
(14, 'dsfds', 'dsfdsfsdf@gmail.com', 'dsfds', 'dsfsfdsfs', '', '66f6dfe3c1f35ee56632632f4b465eed', '', 'vendor_14.jpg', 'dsfdsfdsfds', 'USD', '', '', '', NULL, NULL, NULL, NULL, NULL, 2, 0, 0, 0, 0, 0, 0, 0),
(15, 'test', 'test123@gmail.com', '9876543210', '9876543210', '', 'e10adc3949ba59abbe56e057f20f883e', '', 'vendor_15.jpg', 'test ', 'USD', '', '', '', '', '', NULL, NULL, 'yes', 1, 0, 0, 0, 0, 1, 0, 0),
(16, 'test', 'test1234@gmail.com', '9876543210', '9876543210', '', 'e10adc3949ba59abbe56e057f20f883e', '', 'vendor_16.jpg', 'test ', 'USD', '', '', '', '', '', NULL, NULL, 'yes', 2, 0, 0, 0, 0, 0, 0, 0),
(17, 'test', 'test12345@gmail.com', '1231313', '13568790', '', 'e10adc3949ba59abbe56e057f20f883e', '', 'vendor_17.jpg', 'tet ewsta t at ', 'USD', '', '', '', '', '', NULL, NULL, 'yes', 1, 0, 0, 0, 0, 1, 0, 0),
(18, 'sakthi', 'sakthi@gmail.com', '1234567890', '9092398789', '', 'e10adc3949ba59abbe56e057f20f883e', '', 'vendor_18.jpg', '2 hours before ordered.', 'USD', 'Yes', '', '', '', '', NULL, NULL, 'yes', 1, 0, 0, 0, 0, 1, 0, 0),
(19, 'GD', 'venugopal1@pofitec.com', '345345', '435435', '', '9faca784f2cb0b9780ce04382dd90075', '', 'vendor_19.jpg', 'venugopal1venugopal1venugopal1venugopal1venugopal1', 'USD', '', '', '', '', '', NULL, NULL, 'no', 1, 0, 0, 0, 0, 1, 0, 0),
(20, 'GD', 'gdvenugopal@pofitec.com', '99764732421', '4354356', '', 'c7c97671867415fae713f533e5c3b54b', '', 'vendor_20.jpg', 'gdvenugopalgdvenugopalgdvenugopalgdvenugopal', 'USD', '', '', '', '', '', NULL, NULL, 'no', 1, 0, 0, 0, 0, 1, 0, 0),
(21, 'ammava', 'ammava@gmail.com', '324324', '324324234', '', '23b7dcb780ade6b1fa2fbae1c64dc054', '', 'vendor_21.png', 'ammavaammavaammavaammavaammavaammava ammavaammavaammava', 'USD', '', '', '', '', '', NULL, NULL, 'no', 1, 0, 0, 0, 0, 1, 0, 0);

-- --------------------------------------------------------

--
-- Table structure for table `tb_vendor_advertisement_setting`
--

CREATE TABLE `tb_vendor_advertisement_setting` (
  `id` int(10) NOT NULL,
  `admin_ads_id` int(20) NOT NULL,
  `add_vendor_id` int(20) NOT NULL,
  `ads_price` text NOT NULL,
  `ads_currency` text NOT NULL,
  `ads_currency_rate` varchar(255) NOT NULL,
  `ads_start_date` bigint(20) NOT NULL,
  `ads_end_date` varchar(255) NOT NULL,
  `payment_mode` int(10) NOT NULL COMMENT '1=>Paypal,2=>Stripe',
  `payment_id` text NOT NULL,
  `payment_status` int(10) NOT NULL COMMENT '0=>Failed,1->Pending,2=>Approved,3=>Expire',
  `ads_vendor_status` int(10) NOT NULL COMMENT '0-Deactive,1-Active',
  `ads_photo` text NOT NULL
) ENGINE=InnoDB DEFAULT CHARSET=latin1;

--
-- Dumping data for table `tb_vendor_advertisement_setting`
--

INSERT INTO `tb_vendor_advertisement_setting` (`id`, `admin_ads_id`, `add_vendor_id`, `ads_price`, `ads_currency`, `ads_currency_rate`, `ads_start_date`, `ads_end_date`, `payment_mode`, `payment_id`, `payment_status`, `ads_vendor_status`, `ads_photo`) VALUES
(5, 1, 1, '5.97', 'USD', '', 1490227200, '1999941863', 1, 'PAY-5G938446819203149LDGR2FI', 2, 1, 'home-left_5.jpg'),
(9, 4, 1, '300', 'INR', '', 1488844800, '1999941863', 1, 'PAY-39Y06143CY702530YLDFD5EA', 2, 1, 'home-right_9.jpg'),
(10, 4, 1, '300', 'INR', '', 1489104000, '1999941863', 1, 'PAY-4EA64408XY0647717LDFD4IA', 2, 1, 'home-right_10.jpg'),
(12, 1, 1, '2.99', 'USD', '', 1489622400, '1999941863', 1, 'PAY-8DY61368DT193011FLDFFY6Y', 2, 1, 'home-left_12.jpg'),
(13, 2, 1, '200', 'USD', '', 1489622400, '1999941863', 1, 'PAY-8DY61368DT193011FLDFFY6Y', 2, 1, 'home-center_13.jpg'),
(16, 2, 1, '1', 'USD', '', 1489708800, '1999941863', 1, 'PAY-7FW96727294914807LGTI53Q', 2, 1, 'home-center_16.jpg'),
(17, 2, 1, '200', 'USD', '', 1489708800, '1999941863', 1, 'PAY-4FC13924DY6099922LDF6UHA', 2, 1, 'home-center_17.jpg'),
(18, 2, 1, '200', 'USD', '', 1489708800, '1999941863', 0, '', 0, 1, 'home-center_18.jpg'),
(19, 1, 10, '400.51', 'USD', '', 1503253800, '1609612200', 0, '', 0, 0, 'home-left_19.jpg'),
(20, 4, 10, '12', 'USD', '', 1503253800, '1513621800', 0, '', 0, 0, 'home-right_20.jpg');

-- --------------------------------------------------------

--
-- Table structure for table `tb_vendor_commission`
--

CREATE TABLE `tb_vendor_commission` (
  `vendor_commission_id` int(10) NOT NULL,
  `commision_admin_id` int(10) NOT NULL,
  `commission_vendor_id` int(10) NOT NULL,
  `commission_paid` int(10) NOT NULL,
  `commission_currency` varchar(255) NOT NULL,
  `vendor_commission_status` int(10) NOT NULL COMMENT '0-block,1-un-block,2-Delete',
  `vendor_transaction_id` varchar(100) NOT NULL,
  `pay_type` int(1) NOT NULL COMMENT '1-Paypal,2- Stripe',
  `commission_date` datetime NOT NULL
) ENGINE=InnoDB DEFAULT CHARSET=latin1;

--
-- Dumping data for table `tb_vendor_commission`
--

INSERT INTO `tb_vendor_commission` (`vendor_commission_id`, `commision_admin_id`, `commission_vendor_id`, `commission_paid`, `commission_currency`, `vendor_commission_status`, `vendor_transaction_id`, `pay_type`, `commission_date`) VALUES
(1, 0, 10, 3, 'USD', 1, 'PAY-5NS58835GF043841ULGPKYZY', 0, '2017-08-24 00:00:00');

--
-- Indexes for dumped tables
--

--
-- Indexes for table `tb_admin_info`
--
ALTER TABLE `tb_admin_info`
  ADD PRIMARY KEY (`admin_id`),
  ADD KEY `admin_country_id` (`admin_country_id`),
  ADD KEY `admin_city_id` (`admin_city_id`);

--
-- Indexes for table `tb_admin_vendor_payment_setting`
--
ALTER TABLE `tb_admin_vendor_payment_setting`
  ADD PRIMARY KEY (`id`);

--
-- Indexes for table `tb_advertisement`
--
ALTER TABLE `tb_advertisement`
  ADD PRIMARY KEY (`ads_id`);

--
-- Indexes for table `tb_advertisement_transcation`
--
ALTER TABLE `tb_advertisement_transcation`
  ADD PRIMARY KEY (`ads_transcation_id`);

--
-- Indexes for table `tb_banner`
--
ALTER TABLE `tb_banner`
  ADD PRIMARY KEY (`id`);

--
-- Indexes for table `tb_cart_save`
--
ALTER TABLE `tb_cart_save`
  ADD PRIMARY KEY (`cart_id`);

--
-- Indexes for table `tb_category`
--
ALTER TABLE `tb_category`
  ADD PRIMARY KEY (`category_id`);

--
-- Indexes for table `tb_choices`
--
ALTER TABLE `tb_choices`
  ADD PRIMARY KEY (`choice_id`),
  ADD KEY `choices_id` (`main_choices_id`);

--
-- Indexes for table `tb_city`
--
ALTER TABLE `tb_city`
  ADD PRIMARY KEY (`city_id`),
  ADD KEY `countryid` (`countryid`);

--
-- Indexes for table `tb_cms`
--
ALTER TABLE `tb_cms`
  ADD PRIMARY KEY (`id`);

--
-- Indexes for table `tb_country`
--
ALTER TABLE `tb_country`
  ADD PRIMARY KEY (`country_id`);

--
-- Indexes for table `tb_cuisine`
--
ALTER TABLE `tb_cuisine`
  ADD PRIMARY KEY (`cuisine_id`);

--
-- Indexes for table `tb_currency`
--
ALTER TABLE `tb_currency`
  ADD PRIMARY KEY (`currency_id`),
  ADD KEY `currency_country_id` (`currency_country_id`);

--
-- Indexes for table `tb_customer`
--
ALTER TABLE `tb_customer`
  ADD PRIMARY KEY (`id`);

--
-- Indexes for table `tb_delivery_member`
--
ALTER TABLE `tb_delivery_member`
  ADD PRIMARY KEY (`delivery_person_id`);

--
-- Indexes for table `tb_delivery_slot`
--
ALTER TABLE `tb_delivery_slot`
  ADD PRIMARY KEY (`slot_id`);

--
-- Indexes for table `tb_image_size_settings`
--
ALTER TABLE `tb_image_size_settings`
  ADD PRIMARY KEY (`id`);

--
-- Indexes for table `tb_item`
--
ALTER TABLE `tb_item`
  ADD PRIMARY KEY (`item_id`);

--
-- Indexes for table `tb_item_choice_add`
--
ALTER TABLE `tb_item_choice_add`
  ADD PRIMARY KEY (`item_choice_id`);

--
-- Indexes for table `tb_language`
--
ALTER TABLE `tb_language`
  ADD PRIMARY KEY (`id`);

--
-- Indexes for table `tb_location`
--
ALTER TABLE `tb_location`
  ADD PRIMARY KEY (`location_id`),
  ADD KEY `location_country_id` (`location_country_id`),
  ADD KEY `location_city_id` (`location_city_id`);

--
-- Indexes for table `tb_newsletter`
--
ALTER TABLE `tb_newsletter`
  ADD PRIMARY KEY (`newsletter_id`);

--
-- Indexes for table `tb_newsletter_subscription`
--
ALTER TABLE `tb_newsletter_subscription`
  ADD PRIMARY KEY (`id`);

--
-- Indexes for table `tb_order`
--
ALTER TABLE `tb_order`
  ADD PRIMARY KEY (`order_id`);

--
-- Indexes for table `tb_restaurant`
--
ALTER TABLE `tb_restaurant`
  ADD PRIMARY KEY (`restaurant_id`);

--
-- Indexes for table `tb_restaurant_table_assign`
--
ALTER TABLE `tb_restaurant_table_assign`
  ADD PRIMARY KEY (`restaurant_table_assign_id`);

--
-- Indexes for table `tb_restaurant_working_hours`
--
ALTER TABLE `tb_restaurant_working_hours`
  ADD PRIMARY KEY (`id`);

--
-- Indexes for table `tb_review_management`
--
ALTER TABLE `tb_review_management`
  ADD PRIMARY KEY (`review_id`);

--
-- Indexes for table `tb_shipping_details`
--
ALTER TABLE `tb_shipping_details`
  ADD PRIMARY KEY (`shipping_id`);

--
-- Indexes for table `tb_sub_admin`
--
ALTER TABLE `tb_sub_admin`
  ADD PRIMARY KEY (`sub_admin_id`);

--
-- Indexes for table `tb_table_booking_slot`
--
ALTER TABLE `tb_table_booking_slot`
  ADD PRIMARY KEY (`booking_id`);

--
-- Indexes for table `tb_vendor`
--
ALTER TABLE `tb_vendor`
  ADD PRIMARY KEY (`id`);

--
-- Indexes for table `tb_vendor_advertisement_setting`
--
ALTER TABLE `tb_vendor_advertisement_setting`
  ADD PRIMARY KEY (`id`);

--
-- Indexes for table `tb_vendor_commission`
--
ALTER TABLE `tb_vendor_commission`
  ADD PRIMARY KEY (`vendor_commission_id`);

--
-- AUTO_INCREMENT for dumped tables
--

--
-- AUTO_INCREMENT for table `tb_admin_info`
--
ALTER TABLE `tb_admin_info`
  MODIFY `admin_id` int(11) NOT NULL AUTO_INCREMENT, AUTO_INCREMENT=2;
--
-- AUTO_INCREMENT for table `tb_admin_vendor_payment_setting`
--
ALTER TABLE `tb_admin_vendor_payment_setting`
  MODIFY `id` int(10) NOT NULL AUTO_INCREMENT, AUTO_INCREMENT=5;
--
-- AUTO_INCREMENT for table `tb_advertisement`
--
ALTER TABLE `tb_advertisement`
  MODIFY `ads_id` int(10) NOT NULL AUTO_INCREMENT, AUTO_INCREMENT=5;
--
-- AUTO_INCREMENT for table `tb_advertisement_transcation`
--
ALTER TABLE `tb_advertisement_transcation`
  MODIFY `ads_transcation_id` int(10) NOT NULL AUTO_INCREMENT;
--
-- AUTO_INCREMENT for table `tb_banner`
--
ALTER TABLE `tb_banner`
  MODIFY `id` int(10) NOT NULL AUTO_INCREMENT, AUTO_INCREMENT=5;
--
-- AUTO_INCREMENT for table `tb_cart_save`
--
ALTER TABLE `tb_cart_save`
  MODIFY `cart_id` int(11) NOT NULL AUTO_INCREMENT, AUTO_INCREMENT=76;
--
-- AUTO_INCREMENT for table `tb_category`
--
ALTER TABLE `tb_category`
  MODIFY `category_id` int(10) NOT NULL AUTO_INCREMENT, AUTO_INCREMENT=26;
--
-- AUTO_INCREMENT for table `tb_choices`
--
ALTER TABLE `tb_choices`
  MODIFY `choice_id` int(10) NOT NULL AUTO_INCREMENT, AUTO_INCREMENT=26;
--
-- AUTO_INCREMENT for table `tb_city`
--
ALTER TABLE `tb_city`
  MODIFY `city_id` int(11) NOT NULL AUTO_INCREMENT, AUTO_INCREMENT=12;
--
-- AUTO_INCREMENT for table `tb_cms`
--
ALTER TABLE `tb_cms`
  MODIFY `id` int(10) NOT NULL AUTO_INCREMENT, AUTO_INCREMENT=19;
--
-- AUTO_INCREMENT for table `tb_country`
--
ALTER TABLE `tb_country`
  MODIFY `country_id` int(11) NOT NULL AUTO_INCREMENT, AUTO_INCREMENT=16;
--
-- AUTO_INCREMENT for table `tb_cuisine`
--
ALTER TABLE `tb_cuisine`
  MODIFY `cuisine_id` int(10) NOT NULL AUTO_INCREMENT, AUTO_INCREMENT=7;
--
-- AUTO_INCREMENT for table `tb_currency`
--
ALTER TABLE `tb_currency`
  MODIFY `currency_id` int(11) NOT NULL AUTO_INCREMENT, AUTO_INCREMENT=4;
--
-- AUTO_INCREMENT for table `tb_customer`
--
ALTER TABLE `tb_customer`
  MODIFY `id` int(10) NOT NULL AUTO_INCREMENT, AUTO_INCREMENT=100;
--
-- AUTO_INCREMENT for table `tb_delivery_member`
--
ALTER TABLE `tb_delivery_member`
  MODIFY `delivery_person_id` int(10) NOT NULL AUTO_INCREMENT, AUTO_INCREMENT=29;
--
-- AUTO_INCREMENT for table `tb_delivery_slot`
--
ALTER TABLE `tb_delivery_slot`
  MODIFY `slot_id` int(10) NOT NULL AUTO_INCREMENT, AUTO_INCREMENT=11;
--
-- AUTO_INCREMENT for table `tb_image_size_settings`
--
ALTER TABLE `tb_image_size_settings`
  MODIFY `id` int(11) NOT NULL AUTO_INCREMENT, AUTO_INCREMENT=2;
--
-- AUTO_INCREMENT for table `tb_item`
--
ALTER TABLE `tb_item`
  MODIFY `item_id` int(10) NOT NULL AUTO_INCREMENT, AUTO_INCREMENT=70;
--
-- AUTO_INCREMENT for table `tb_item_choice_add`
--
ALTER TABLE `tb_item_choice_add`
  MODIFY `item_choice_id` int(10) NOT NULL AUTO_INCREMENT, AUTO_INCREMENT=33;
--
-- AUTO_INCREMENT for table `tb_language`
--
ALTER TABLE `tb_language`
  MODIFY `id` int(10) NOT NULL AUTO_INCREMENT, AUTO_INCREMENT=4;
--
-- AUTO_INCREMENT for table `tb_location`
--
ALTER TABLE `tb_location`
  MODIFY `location_id` int(11) NOT NULL AUTO_INCREMENT, AUTO_INCREMENT=20;
--
-- AUTO_INCREMENT for table `tb_newsletter`
--
ALTER TABLE `tb_newsletter`
  MODIFY `newsletter_id` int(11) NOT NULL AUTO_INCREMENT, AUTO_INCREMENT=6;
--
-- AUTO_INCREMENT for table `tb_newsletter_subscription`
--
ALTER TABLE `tb_newsletter_subscription`
  MODIFY `id` int(11) NOT NULL AUTO_INCREMENT, AUTO_INCREMENT=10;
--
-- AUTO_INCREMENT for table `tb_order`
--
ALTER TABLE `tb_order`
  MODIFY `order_id` int(10) NOT NULL AUTO_INCREMENT, AUTO_INCREMENT=50;
--
-- AUTO_INCREMENT for table `tb_restaurant`
--
ALTER TABLE `tb_restaurant`
  MODIFY `restaurant_id` int(10) NOT NULL AUTO_INCREMENT, AUTO_INCREMENT=28;
--
-- AUTO_INCREMENT for table `tb_restaurant_table_assign`
--
ALTER TABLE `tb_restaurant_table_assign`
  MODIFY `restaurant_table_assign_id` int(10) NOT NULL AUTO_INCREMENT, AUTO_INCREMENT=12;
--
-- AUTO_INCREMENT for table `tb_restaurant_working_hours`
--
ALTER TABLE `tb_restaurant_working_hours`
  MODIFY `id` int(10) NOT NULL AUTO_INCREMENT, AUTO_INCREMENT=134;
--
-- AUTO_INCREMENT for table `tb_review_management`
--
ALTER TABLE `tb_review_management`
  MODIFY `review_id` int(10) NOT NULL AUTO_INCREMENT, AUTO_INCREMENT=23;
--
-- AUTO_INCREMENT for table `tb_shipping_details`
--
ALTER TABLE `tb_shipping_details`
  MODIFY `shipping_id` int(11) NOT NULL AUTO_INCREMENT, AUTO_INCREMENT=50;
--
-- AUTO_INCREMENT for table `tb_sub_admin`
--
ALTER TABLE `tb_sub_admin`
  MODIFY `sub_admin_id` int(11) NOT NULL AUTO_INCREMENT, AUTO_INCREMENT=5;
--
-- AUTO_INCREMENT for table `tb_table_booking_slot`
--
ALTER TABLE `tb_table_booking_slot`
  MODIFY `booking_id` int(10) NOT NULL AUTO_INCREMENT, AUTO_INCREMENT=20;
--
-- AUTO_INCREMENT for table `tb_vendor`
--
ALTER TABLE `tb_vendor`
  MODIFY `id` int(10) NOT NULL AUTO_INCREMENT, AUTO_INCREMENT=22;
--
-- AUTO_INCREMENT for table `tb_vendor_advertisement_setting`
--
ALTER TABLE `tb_vendor_advertisement_setting`
  MODIFY `id` int(10) NOT NULL AUTO_INCREMENT, AUTO_INCREMENT=21;
--
-- AUTO_INCREMENT for table `tb_vendor_commission`
--
ALTER TABLE `tb_vendor_commission`
  MODIFY `vendor_commission_id` int(10) NOT NULL AUTO_INCREMENT, AUTO_INCREMENT=2;
--
-- Constraints for dumped tables
--

--
-- Constraints for table `tb_admin_info`
--
ALTER TABLE `tb_admin_info`
  ADD CONSTRAINT `tb_admin_info_ibfk_1` FOREIGN KEY (`admin_country_id`) REFERENCES `tb_country` (`country_id`);

--
-- Constraints for table `tb_currency`
--
ALTER TABLE `tb_currency`
  ADD CONSTRAINT `tb_currency_ibfk_1` FOREIGN KEY (`currency_country_id`) REFERENCES `tb_country` (`country_id`);

--
-- Constraints for table `tb_location`
--
ALTER TABLE `tb_location`
  ADD CONSTRAINT `tb_location_ibfk_1` FOREIGN KEY (`location_country_id`) REFERENCES `tb_country` (`country_id`),
  ADD CONSTRAINT `tb_location_ibfk_2` FOREIGN KEY (`location_city_id`) REFERENCES `tb_city` (`city_id`);

/*!40101 SET CHARACTER_SET_CLIENT=@OLD_CHARACTER_SET_CLIENT */;
/*!40101 SET CHARACTER_SET_RESULTS=@OLD_CHARACTER_SET_RESULTS */;
/*!40101 SET COLLATION_CONNECTION=@OLD_COLLATION_CONNECTION */;
